,Official English Name,Affiliations
0,A.O.,"['A O Pirates', '  Subordinate of the Whitebeard Pirates']"
1,Abdullah,"['Ideo Pirates', '   Straw Hat Grand Fleet']"
2,Absalom,['Thriller Bark Pirates (Mysterious Four)  (former)']
3,Agilia,['Corrida Colosseum']
4,Adelle,['Mermaid Café']
6,Ageha Woman,['Beasts Pirates']
7,Aggie 68,['Spade Pirates']
8,Agotogi,['Agotogi Sand Merchants']
9,Agushily,['Ally of the Whitebeard Pirates']
10,Agyo,['Corrida Colosseum']
11,Dumas Regal IX,['Goa Kingdom (High Town)']
12,Dumas Fayes,['Goa Kingdom (High Town)']
13,Ahiru,['Revolutionary Army']
14,Aisa,"['Shandia', '  Wagomuland']"
17,Akumai,['Baroque Works (Billions) (former)']
18,Aladdin,"['Sun Pirates', ' Ryugu Kingdom (former)']"
19,Albion,"['Fake Straw Hat Crew (Former)', '  His own crew']"
20,Alice,['Galley-La Company']
22,Alpaca-Man,['Beasts Pirates']
23,Alpha,['CP8']
24,Alvida,"['Cross Guild', ""  Buggy's Delivery,  Buggy and Alvida Alliance"", ' Buggy Pirates (Acting Captain, temporarily)', ' Alvida Pirates (formerly)']"
25,Amadob,['Ally of the Whitebeard Pirates']
26,Amazon,['Wagomuland']
29,Baskerville,['World Government (Enies Lobby)']
30,Andre,['Whitebeard Pirates']
31,Ange,['Walrus School']
33,Ankoro,['Flying Pirates']
34,Antonio,"[""Antonio's Graman""]"
35,Aphelandra,"['Kuja', '  Kuja Pirates']"
36,Aramaki,['Marines']
37,Peekatha Krotch,['Corrida Colosseum']
38,Arlong,"['Arlong Pirates', '  Sun Pirates (former)', '  Impel Down (former)']"
39,Kicking Claw Force,['Arabasta Kingdom']
40,Arthur,['Whitebeard Pirates']
41,Aruyutayan V,['Lvneel Kingdom']
42,Heercomes Dasun,['Marines']
44,Ashura Doji,"['Mt. Atama Thieves', '  Kouzuki Family', '  Nine Red Scabbards ', ' Ninja-Pirate-Mink-Samurai Alliance (disbanded)']"
45,Asla,['Elbaph Royal Family']
49,Atmos,['Whitebeard Pirates']
50,AtatchiAttach,"['World Economy News Paper', ' Marines Photography Department (former)']"
51,Avalo Pizarro,"['Blackbeard Pirates ', ' Impel Down (former)']"
52,Eiyess Emmar,['Marines']
54,Babanuki,"['Beasts Pirates ', ' Tama ', ' Ninja-Pirate-Mink-Samurai Alliance (disbanded)']"
55,Babe,"['New Spiders Cafe', ' Baroque Works  (former)']"
57,Baby 5Baby Five,"['Happo Navy', '  Chinjao Family', '  Straw Hat Grand Fleet', ' Donquixote Pirates (defected)']"
58,"Bacura,Bakula",['Kuja Pirates']
59,Baggaly,['Whitebeard Pirates']
60,Bazeko,"['Marines', ' G-5']"
61,Ban Dedessinée,['Levely']
62,BunchiBunch,['Baroque Works  (former)']
64,Bancro,['Roger Pirates']
65,Banshee,['Spade Pirates']
66,Banzaburo,['Kouzuki Family']
67,"Gyoro, Nin, Bao",['Thriller Bark Pirates']
68,Bao Huang,['Beasts Pirates']
69,Barbell,['Rocks Pirates (former)']
70,Bariete,"['Mokomo Dukedom (Recon Squad)', ' Ninja-Pirate-Mink-Samurai Alliance']"
71,Kicking Claw Force,['Arabasta Kingdom']
72,Barry,['Spade Pirates']
73,Bartholomew Kuma,"['Freedom Fighters (former)', ' Pacifista', '   Revolutionary Army', ' Seven Warlords of the Sea (former)', ' Sorbet Kingdom (former)']"
74,Bartolomeo,"['Barto Club', ' his own Mafia Family (former)', '  Straw Hat Grand Fleet']"
75,Baskerville,['World Government (Enies Lobby)']
76,Basil Hawkins,"['Hawkins Pirates', '  Beasts Pirates']"
77,Basilisk,"['World Government, Impel Down']"
78,Bastille,['Marines']
80,Bat-ManBatman,['Beasts Pirates']
81,Grasshopper-Man,"['Beasts Pirates', '  Kurozumi Tama']"
82,Baxcon,"['Tontatta Kingdom Scouting Unit ', ' Tontatta Pirates', ' Straw Hat Grand Fleet']"
84,Bee-Girl,"['Beasts Pirates', '  Kurozumi Tama']"
86,Beetle-Man,['Beasts Pirates']
87,Bekori,['Sorbet Kingdom (former)']
88,Belo Betty,['Revolutionary Army (East Army)']
89,Belladonna,['Kuja']
90,Bellamy,"['Donquixote Pirates (former)', '  Bellamy Pirates  (former)']"
91,BeretBellett,['Unnamed kingdom (former)']
92,Belle-Mère,['Marines (former)']
93,Benn Beckman,['Red Hair Pirates']
94,Bent,['Walrus School']
95,Bentham,"['Newkama Land', '  Baroque Works  (former)']"
96,Bepo,"['Heart Pirates', ' Ninja-Pirate-Mink-Samurai Alliance(disbanded)']"
97,Bian,"['Tontatta Kingdom', '  Tontatta Pirates', ' Straw Hat Grand Fleet']"
98,Biblo,['Owl Library']
99,Big Bun,"['Foxy Pirates (former)', ' Groggy Monsters']"
102,Bimine,['Pucci']
104,Birdy,['Poseidon']
105,Bishamon,"['Beasts Pirates', '  Orochi Oniwabanshu (former)', ' Kurozumi Family (former)']"
106,Bishonure-Onna,['Beasts Pirates']
107,Bisley,"['Beasts Pirates (Armored Division)', '  Kurozumi Tama']"
109,Bizarre,['Subordinate of the Whitebeard Pirates']
111,Bjorn,['Walrus School']
112,Black Maria,['Beasts Pirates (Tobiroppo)']
113,BBBB,"['Mokomo Dukedom', ' Guardians', ' ', ' Ninja-Pirate-Mink-Samurai Alliance (disbanded)']"
114,Blade,['Walrus School']
115,Blakey,['Fish-Man Island']
116,Blamenco,['Whitebeard Pirates']
117,Blenheim,['Whitebeard Pirates']
118,Blondie,['Subordinate of the Whitebeard Pirates']
119,Bluefan,['Kuja Pirates']
120,Blue Gilly,"['Ideo Pirates', '   Straw Hat Grand Fleet']"
121,Bluegrass,['Marines']
122,Bluejam,['Bluejam Pirates']
123,Blueno,"['CP0', '  CP9  (former)']"
124,Bluemarine,['Roger Pirates']
125,Boa Hancock,"['Kuja Pirates (Gorgon Sisters)', 'Seven Warlords of the Sea (former)']"
126,Boa Marigold,['Kuja Pirates (Gorgon Sisters)']
127,Boa Sandersonia,['Kuja Pirates (Gorgon Sisters)']
128,Bobbin,['Big Mom Pirates']
129,Bobby Funk,['Mogaro Kingdom']
130,Bobomba,"['Tontatta Kingdom ', ' Straw Hat Grand Fleet (Tontatta Pirates)']"
131,Bogard,['Marines']
133,Bomba,"['Tontatta Kingdom ', ' Tontatta Pirates', '  Straw Hat Grand Fleet']"
135,Bonk Punch,['Red Hair Pirates']
136,Boo,"['Happo Navy', ' Chinjao Family', ' Straw Hat Grand Fleet']"
138,Boogie,['Kid Pirates']
139,Borsalino,['Marines']
141,Braham,"['Shandia', "" God's Guards""]"
142,Kicking Claw Force,['Arabasta Kingdom']
143,Brannew,['Marines']
144,Brew,['Whitebeard Pirates']
145,Briscola,['Beasts Pirates']
146,Brocca,['Whitebeard Pirates']
147,Brogy,['Giant Warrior Pirates']
149,Brook,"['Straw Hat Pirates', 'Straw Hat Grand Fleet', 'Rumbar Pirates (former)', ' Ninja-Pirate-Mink-Samurai Alliance (disbanded)']"
150,Bubblegum,['Kid Pirates']
151,Bouche,"['WCI 31', ' Big Mom Pirates']"
152,ButchieBuchi,['Black Cat Pirates']
153,Buckingham Stussy,"['Rocks Pirates (former)', '  MADS (former)']"
154,Buffalo,['Donquixote Pirates']
155,Buggy,"['Cross Guild', "" Buggy's Delivery (Unknown status)\xa0? "", 'Buggy Pirates', ' Buggy and Alvida Alliance', ' Four Emperors', ' Seven Warlords of the Sea  (former)', 'Roger Pirates  (former)', 'Impel Down  (former)']"
156,Oinkchuck,['Thriller Bark Pirates']
157,Building Snake,['Red Hair Pirates']
158,Bulldog,['Sorbet Kingdom']
159,Bunbuku,['Tenguyama Hitetsu']
161,Bunny Joe,['Revolutionary Army']
162,Bushon,['Water 7']
163,Busshiri,['Ohara Archaeologists']
165,Cabaji,"['Cross Guild', ""  Buggy's Delivery"", ' Buggy and Alvida Alliance, Buggy Pirates']"
166,Caesar Clown,"['NEO MADS', '  Donquixote Pirates (former)', '   Marines (former)', '  MADS (former)']"
167,Caiman Lady,['Beasts Pirates']
168,Camie,"['Takoyaki 8, Mermaid Cafe']"
169,Camel,"['Blackbeard Pirates (former)', ' Kuzan (former)']"
170,Cancer,['Marines']
171,Kandre,['Marines']
172,Cans,['Ally of the Whitebeard Pirates']
173,Candy,['Candy Pirates']
174,Capone Bege,"['Fire Tank Pirates', '  Big Mom Pirates  (former)']"
175,Capone Pez,"['Fire Tank Pirates', ' Charlotte Family']"
176,Capote,['Foxy Pirates (former)']
177,Caribou,"['Caribou Pirates', '  Fake Straw Hat Crew (former, temporary)', '  Ninja-Pirate-Mink-Samurai Alliance(disbanded)']"
178,Carmel,"['Underworld', ""  Sheep's House""]"
179,CarneCarny,['Baratie']
180,Carrot,"['Mokomo Dukedom, Inuarashi Musketeer Squad', '  Ninja-Pirate-Mink-Samurai Alliance (disbanded)']"
181,Catacombo,['Marines  (GR 66) (Non-Canon)\xa0≠']
182,Catarina Devon,"['Blackbeard Pirates', ' Impel Down (former)']"
183,Caucasus-Man,"['Beasts Pirates (Armored Division)', '  Kurozumi Tama']"
184,Cavendish,"['Beautiful Pirates', '  Straw Hat Grand Fleet', '  Bourgeois Kingdom']"
185,CB Gallant,['Roger Pirates']
186,Cerberus,['Thriller Bark Pirates']
187,Cerberus,['Knights of God']
188,Cezar,['Levely']
189,Chabo,"[""Nojiko's mikan farm""]"
190,Browndros BeardriguezChadros Higelyges,"['Caesar Clown (defected),  Centaur Patrol Unit  (defected)', ' Brownbeard Pirates  (disbanded)']"
191,Chaka,['Arabasta Kingdom']
192,Chao,"['Tontatta Kingdom', '  SMILE Factory (former)', '  Tontatta Pirates']"
193,Chap,['Levely']
194,Chappe,"['Caesar Clown (former)', ' Centaur Patrol Unit (former)']"
195,Charlotte Akimeg,"['Charlotte Family (Charlotte Decuplets)', ' Big Mom Pirates']"
196,Charlotte Allmeg,"['Charlotte Family (Charlotte Decuplets)', ' Big Mom Pirates']"
197,Charlotte Amande,"['Charlotte Family', '  Big Mom Pirates']"
198,Charlotte Anana,"['Charlotte Family', '  Big Mom Pirates']"
199,Charlotte Angel,"['Charlotte Family', ' Big Mom Pirates']"
200,Charlotte Anglaise,"['Charlotte Family', '  Big Mom Pirates']"
201,Charlotte Basans,"['Charlotte Family', '  Big Mom Pirates']"
202,Charlotte Bassquarte,"['Charlotte Family', ' Big Mom Pirates']"
203,Charlotte Bavarois,"['Charlotte Family', '  Big Mom Pirates']"
204,Charlotte Brownie,"['Charlotte Family', ' Big Mom Pirates']"
205,Charlotte Broye,"['Charlotte Family', ' Big Mom Pirates']"
206,Charlotte Brulee,"['Charlotte Family', '  Big Mom Pirates']"
207,Charlotte Cabaletta,"['Charlotte Family', '  Big Mom Pirates']"
208,Charlotte Cadenza,"['Charlotte Family', '  Big Mom Pirates']"
209,Charlotte Chiboust,"['Charlotte Family', ' Big Mom Pirates']"
210,Charlotte Chiffon,"['Fire Tank Pirates', ' Charlotte Family (defected)']"
211,Charlotte Cinnamon,"['Charlotte Family', ' Big Mom Pirates']"
212,Charlotte Citron,"['Charlotte Family', '  Big Mom Pirates']"
213,Charlotte Compo,"['Charlotte Family', '  Big Mom Pirates']"
214,Charlotte Compote,"['Charlotte Family', '  Big Mom Pirates']"
215,Charlotte Cornstarch,"['Charlotte Family', ' Big Mom Pirates']"
216,Charlotte Counter,"['Charlotte Family', '  Big Mom Pirates']"
217,Charlotte Cracker,"['Charlotte Family', ' Big Mom Pirates']"
218,Charlotte Custard,"['Charlotte Family', '  Big Mom Pirates']"
219,Charlotte Dacquoise,"['Charlotte Family', '  Big Mom Pirates']"
220,Charlotte Daifuku,"['Charlotte Family', '  Big Mom Pirates']"
221,Charlotte De-Chat,['Charlotte Family']
222,Charlotte Dolce and Dragée,"['Charlotte Family', '  Big Mom Pirates']"
223,Charlotte Dosmarche,"['Charlotte Family', ' Big Mom Pirates']"
224,Charlotte Dolce and Dragée,"['Charlotte Family', '  Big Mom Pirates']"
225,Charlotte Effiler,"['Charlotte Family', ' Big Mom Pirates']"
226,Charlotte Flampe,"['Charlotte Family', ' Big Mom Pirates']"
227,Charlotte Fuyumeg,"['Charlotte Family (Charlotte Decuplets)', ' Big Mom Pirates']"
228,Charlotte Gala,['Charlotte Family']
229,Charlotte Galette,"['Charlotte Family', '  Big Mom Pirates']"
230,Charlotte Hachee,"['Charlotte Family', ' Big Mom Pirates']"
231,Charlotte Harumeg,"['Charlotte Family (Charlotte Decuplets)', ' Big Mom Pirates']"
232,Charlotte High-Fat,"['Charlotte Family', '  Big Mom Pirates']"
233,Charlotte Joconde,"['Charlotte Family', ' Big Mom Pirates']"
234,Charlotte Joscarpone,"['Charlotte Family', '  Big Mom Pirates']"
235,Charlotte Kanten,"['Charlotte Family', '  Big Mom Pirates']"
236,Charlotte Katakuri,"['Charlotte Family', '  Big Mom Pirates']"
237,Kato,"['Charlotte Family', '  Big Mom Pirates']"
238,Charlotte Laurin,"['Charlotte Family', '  Big Mom Pirates']"
239,Charlotte Linlin,"['Big Mom Pirates', '  Rocks Pirates (former)', '  Four Emperors (former)', '   Charlotte Family']"
240,Charlotte Lola,"['Rolling Pirates', ' Charlotte Family', ""  Thriller Bark Victim's Association (former)""]"
241,Charlotte Maple,"['Charlotte Family', ' Big Mom Pirates']"
242,Charlotte Marble,"['Charlotte Family', ' Big Mom Pirates']"
243,Charlotte Marnier,"['Charlotte Family', ' Big Mom Pirates']"
244,Charlotte Mascarpone,"['Charlotte Family', '  Big Mom Pirates']"
245,Charlotte Mash,"['Charlotte Family', ' Big Mom Pirates']"
246,Charlotte Melise,"['Charlotte Family', ' Big Mom Pirates']"
247,Charlotte Mobile,"['Charlotte Family', '  Big Mom Pirates']"
248,Charlotte Monder,"['Charlotte Family', ' Big Mom Pirates']"
249,Charlotte Montd'OrCharlotte Mont-d'Or,"['Charlotte Family', '  Big Mom Pirates']"
250,Charlotte Montb,"['Charlotte Family', '  Big Mom Pirates']"
251,Charlotte Moscato,"['Charlotte Family', '  Big Mom Pirates']"
252,Charlotte Mozart,"['Charlotte Family', ' Big Mom Pirates']"
253,Charlotte Myukuru,"['Charlotte Family', ' Big Mom Pirates']"
254,Decuplets,"['Charlotte Family', '  Big Mom Pirates']"
255,Decuplets,"['Charlotte Family', '  Big Mom Pirates']"
256,Decuplets,"['Charlotte Family', '  Big Mom Pirates']"
257,Decuplets,"['Charlotte Family', '  Big Mom Pirates']"
258,Charlotte Newshi,"['Charlotte Family (Charlotte Decuplets)', '  Big Mom Pirates']"
259,Charlotte Noisette,"['Charlotte Family', ' Big Mom Pirates']"
260,Charlotte Normande,['Charlotte Family']
261,Charlotte Nougat,"['Charlotte Family', ' Big Mom Pirates']"
262,Charlotte Nusstorte,"['Charlotte Family', ' Big Mom Pirates']"
263,Charlotte Nutmeg,"['Charlotte Family (Charlotte Decuplets)', ' Big Mom Pirates']"
264,Charlotte Opera,"['Charlotte Family', '  Big Mom Pirates']"
265,Charlotte Oven,"['Charlotte Family', '  Big Mom Pirates']"
266,Charlotte Panna,"['Charlotte Family', ' Big Mom Pirates']"
267,Charlotte Perospero,"['Charlotte Family', '  Big Mom Pirates']"
268,Charlotte Poire,"['Charlotte Family', ' Big Mom Pirates']"
269,Charlotte Praline,"['Sun Pirates', ' Charlotte Family', ' Big Mom Pirates (defected)']"
270,Charlotte Prim,"['Charlotte Family', ' Big Mom Pirates']"
271,Charlotte Pudding,"['Charlotte Family', '  Big Mom Pirates']"
272,Charlotte Raisin,"['Charlotte Family', '  Big Mom Pirates']"
273,Charlotte Saintmarc,"['Charlotte Family', '  Big Mom Pirates']"
274,Charlotte Smoothie,"['Charlotte Family', '  Big Mom Pirates']"
275,Charlotte Snack,"['Charlotte Family', '  Big Mom Pirates']"
276,Charlotte Tablet,"['Charlotte Family', '  Big Mom Pirates']"
277,Charlotte Wafers,['Charlotte Family']
278,Charlotte Uiro,['Charlotte Family']
279,Charlotte Yuen,"['Charlotte Family', ' Big Mom Pirates']"
280,Charlotte Zuccotto,"['Charlotte Family', '  Big Mom Pirates']"
281,Chess,"['Bliking Pirates (disbanded), Drum Kingdom (former)']"
283,Chessmarimo,"['Bliking Pirates, Drum Kingdom']"
284,Choo,"['Arlong Pirates', '  Sun Pirates (former)']"
288,Chimney,['Kokoro']
289,Qing Jiao,"['Chinjao Family', ' Happo Navy(retired)', ' Straw Hat Grand Fleet']"
291,Chiya,['Shandia']
292,Ocho,['Ninja-Pirate-Mink-Samurai Alliance (disbanded)']
293,Chochin-Man,['Beasts Pirates']
295,Choco-Police,['Cacao Island']
296,Chocolat,['Fake Straw Hat Crew']
297,Choi,['Ally of the Whitebeard Pirates']
299,Chome,"['Beasts Pirates', '  Orochi Oniwabanshu (former)', ' Kurozumi Family (former)']"
300,Chouchou,['Hocker']
301,Chuchun,['Foxy Pirates (former)']
304,Clione,"['Heart Pirates ', ' Ninja-Pirate-Mink-Samurai Alliance (disbanded)']"
305,Clou D. Clover,"['Ohara Archaeologists', ' Clan of D.']"
306,Coburn,['Shandia']
307,Cocoa,['Fake Straw Hat Crew']
308,Buckox,['Animals of the Island of Rare Animals']
310,Colscon,['Whitebeard Pirates']
311,Columbus,"['Yonta Maria Grand Fleet', '  Straw Hat Grand Fleet']"
312,KomilleComille,"['Marines', ' G-2']"
313,"Comp,Compo",['Kid Pirates']
314,Concelot,"['Mokomo Dukedom', ' Inuarashi Musketeer Squad', '   Ninja-Pirate-Mink-Samurai Alliance (disbanded)']"
315,Conis,['Pumpkin Cafe']
317,Corgy,['World Government']
318,Coribou,"['Caribou Pirates', '  Fake Straw Hat Crew (former, temporary)']"
319,Cornelia,['Spade Pirates']
320,Cosette,['Germa Kingdom']
321,Cosmo,['Automata']
322,Cosmos,['Kuja Pirates']
323,Cotton,"['Tontatta Kingdom Scouting Unit ', ' Tontatta Pirates', ' Straw Hat Grand Fleet']"
324,Couran,['Levely']
326,Crocodile,"['Cross Guild', ' Seven Warlords of the Sea  (former)', ' Baroque Works  (former)', ' Impel Down (former)']"
327,Crocus,"['Roger Pirates (former), Laboon']"
328,Curiel,['Whitebeard Pirates']
329,Curly Dadan,['Dadan Family']
330,Shirano,['D.R.']
331,D.R.DR,['Cyrano']
334,Dagama,['Prodence Kingdom']
335,Dago,['Franky Family']
337,Daifugo,"['Beasts Pirates', '  Tama ', ' Ninja-Pirate-Mink-Samurai Alliance (disbanded)']"
338,Daigin,['Marines']
339,Daikoku,"['Beasts Pirates', '  Orochi Oniwabanshu', ' Kurozumi Family']"
340,Daikon,"['Tontatta Kingdom Scouting Unit', ' Straw Hat Grand Fleet']"
341,Daisy,['Kuja Pirates']
342,DalmationDalmatian,['Marines']
343,DaltonDolton,['Sakura Kingdom']
345,Daruma,['New Fish-Man Pirates']
346,Dashiteyaro,['Kurozumi Family']
347,Davy D. Jones,['Clan of D. (Davy Family)']
348,Daz Bonez,"['Cross Guild', '  Baroque Works  (former)']"
349,Decalvan BrothersDeCalvan Brothers,['Subordinates of the Whitebeard Pirates']
351,Delacuaji,['Subordinate of the Whitebeard Pirates']
352,Dellinger,['Donquixote Pirates']
353,Demalo BlackDemaro Black,['Fake Straw Hat Crew']
356,Denjiro,"['Kouzuki Family', ' Nine Red Scabbards', '  Kyoshiro Family', '  Kurozumi Family (undercover)', '  Ninja-Pirate-Mink-Samurai Alliance (disbanded)']"
357,Devil Dias,['Acumate Pirates']
358,Diamante,['Donquixote Pirates']
359,Didit,['Goa Kingdom']
360,Diesel,['Big Mom Pirates']
361,Diez BarrelsX. Barrels,"['Barrels Pirates', '  Marines (former)']"
362,Earth Boss,"['Ukkari Hot-Spring Island', ' Gedatsu']"
363,Disc J,['Kid Pirates']
364,Disco,"['Donquixote Doflamingo (former)', '  Human Auctioning House  (former)']"
365,Dive,['Kid Pirates']
367,Doberman,['Marines']
368,Dobon,['Beasts Pirates']
369,Doc Q,['Blackbeard Pirates']
370,Dogura,['Dadan Family']
371,Dogya,['Spade Pirates']
373,Doll,"['Marines', ' G-14']"
374,Doma,['Subordinate of the Whitebeard Pirates']
375,Domino,['Impel Down']
377,Donannoyo,['Beasts Pirates']
378,Donovan,['Foxy Pirates (former)']
379,Donkino,['Roger Pirates']
380,Don Quixote Doflamingo,"['Donquixote Pirates', 'Impel Down', 'Underworld', ' World Government (secret)', ' Seven Warlords of the Sea (former)', ' Dressrosa (former)']"
381,Don Quixote Homing,['World Government (Former)']
382,"Don Quixote Myosgard, Funimation)Don Quixote MjosgardDonquixote Myosgard",['World Government (Donquixote Family)']
383,Don Quixote Rocinante,"['Marines', '  Donquixote Pirates  (undercover)', '  World Government (former)']"
384,Saint Donquixote Shivercalero,['World Government (Donquixote Family)']
386,Doringo,['Roger Pirates']
387,Dorry,['Giant Warrior Pirates']
388,Dosun,['New Fish-Man Pirates']
389,Dotaku,['Kouzuki Family']
390,Doubt Brothers,['Beasts Pirates']
391,Dracule MihawkDiego Mihawk,"['Cross Guild', ' Seven Warlords of the Sea  (former)']"
393,Dragon Number Twenty-One,"['Caesar Clown', ' Vegapunk (former)']"
394,Dorrow,['Marines']
395,Gack,['Fake Straw Hat Crew']
396,Drophy,"['New Spiders Cafe', ' Baroque Works  (former)']"
397,Drug Peclo,['Underworld']
398,Ducky Bree,['Spade Pirates']
399,Duval,['Rosy Life Riders']
400,Eddy,['Bellamy Pirates']
402,Edward Newgate,"['Whitebeard Pirates', '  Rocks Pirates (former)', '  Four Emperors']"
403,Edward Weevil,['Seven Warlords of the Sea  (former)']
406,Eggplant Soldier,['Big Mom Pirates']
409,Elizabero II,['Prodence Kingdom']
410,Elmy,['Subordinate of the Whitebeard Pirates']
412,Emma,['Kid Pirates']
413,Emporio Ivankov,"['Revolutionary Army', ' Freedom Fighters (former)', '  Kamabakka Kingdom', ' Newkama Land (former)']"
414,Eneru,"[""God's Army  (former)"", ' Automata']"
415,Genista,['Kuja']
416,Epoida,['Whitebeard Pirates']
417,Epony,['Germa Kingdom']
418,Eric,['Rebel Army (former)']
419,Elio,['Roger Pirates']
420,Eris,['Davy Family']
422,Estrid,['Elbaph Royal Family']
423,St. Ethanbaron V. Nusjuro,"['Five Elders', '  World Nobles']"
425,Eustass Kid,"['Kid Pirates', '  Ninja-Pirate-Mink-Samurai Alliance']"
426,Falafra,['Rebel Army (former)']
427,Farul,"['Beautiful Pirates', ' Straw Hat Grand Fleet']"
428,Faust,['Hawkins Pirates']
429,Fen Bock,"['Caesar Clown (former)', ' Centaur Patrol Unit (former)']"
430,Saint Figarland Garling,"['Five Elders', '  Knights of God', ' World Nobles (Figarland Family)']"
431,Saint Figarland Shamrock,"['Knights of God', '  World Nobles (Figarland Family)']"
432,Fiyonce,['Mermaid Café']
433,Finamore,['Spade Pirates']
434,Dr. Fishbonen,['Marines']
435,Fisher Tiger,"['Sun Pirates', '  Fish-Man District (former)']"
436,Flapper,"['Tontatta Kingdom', '  Tonta Corps', ' Straw Hat Grand Fleet']"
437,Flair,['Gérard']
438,Footbianco,['Franky Family']
439,Forest Boss,"['Ukkari Hot-Spring Island', ' Gedatsu']"
441,Fossa,['Whitebeard Pirates']
442,Fourtricks,['Beasts Pirates']
443,Foxy,['Foxy Pirates']
444,Francois,['Newkama Land (former)']
445,Franky,"['Straw Hat Pirates', 'Straw Hat Grand Fleet', 'Franky Family (former)', ""Tom's Workers (former)"", 'Ninja-Pirate-Mink-Samurai Alliance (disbanded)']"
446,Fuga,['Beasts Pirates (Numbers)']
447,Fugar,"['Social Club', ' Red Hair Pirates']"
450,Fujin,"['Beasts Pirates', '  Orochi Oniwabanshu (former)', ' Kurozumi Family (former)']"
451,Fukaboshi,['Neptune Family']
453,Fukurokuju,"['Kurozumi Family', ' Beasts Pirates (former)', '  Orochi Oniwabanshu (former)', '  Kouzuki Family (former)']"
454,Fukurô,"['CP0', '  CP9  (former)']"
455,Fullbody,['Marines']
456,Funkfreed,"['CP0, CP9 (former)']"
458,Furrari,['Levely']
459,Fuza,"[""God's Army""]"
460,Gabu,['Red Hair Pirates']
461,Gaburu,"['Reformation Army (維新軍, Ishin-gun?)']"
464,Gal,"['Marines', ' G-5']"
465,Galaxy,['Automata']
466,Galdino,"['Cross Guild', ""  Buggy's Delivery"", '  Buggy Pirates', ' Buggy and Alvida Alliance', '  Baroque Works  (formerly)']"
467,"Jolly, Gary",['Gally Pirates']
469,Gambia,"['Barto Club', ' Straw Hat Grand Fleet']"
470,Gambo,['Revolutionary Army']
471,Ganfor (VIZ,['Skypiea']
472,Gancho,['Tontatta Kingdom']
473,Gangaru,"['Beasts Pirates', '  Mimawarigumi (former)']"
474,Ganryu,['Spade Pirates']
475,Ganryu,['Roger Pirates']
476,Ganzui,"['Rocks Pirates (former)', ' Thriller Bark Pirates']"
477,Garudan,"['Beasts Pirates', '  Mimawarigumi (former)']"
478,Gatherine,['World Government']
480,Gyats,['Corrida Colosseum']
481,Gazelle-ManGazelleman,"['Beasts Pirates ', ' Tama ', ' Ninja-Pirate-Mink-Samurai Alliance (disbanded)']"
482,Gecko Moria,"['Thriller Bark Pirates (Mysterious Four)', 'Seven Warlords of the Sea  (former)', ' Gecko Pirates (former)']"
483,Gedatsu,"['Ukkari Hot-Spring Island', "" God's Army (former)""]"
484,Gem,"['New Spiders Cafe', ' Baroque Works  (former)']"
485,GenbouGenbo,"['Shandia', "" God's Guards""]"
487,Genzo,['Cocoyasi Village']
489,George Mach,['Foxy Pirates (former)']
490,Gerd,"['New Giant Warrior Pirates', "" Buggy's Delivery (former)"", '  Straw Hat Grand Fleet']"
491,Ribbitini,"['Puddle Pirates', ' Red Hair Pirates']"
492,Giberson,['Underworld']
493,Gig,['Kid Pirates']
494,Gill Bastar,"['Thriller Bark Pirates  ', ' Rocks Pirates (former)']"
496,Gin,['Krieg Pirates']
497,Gina,['Foxy Pirates (former)']
500,Ginny,"['Revolutionary Army (East Army)', '  Freedom Fighters (former)']"
501,Ginrummy,['Beasts Pirates']
503,Giolla,['Donquixote Pirates']
504,Gion,['Marines']
505,Giovanni,"['Mokomo Dukedom', ' Inuarashi Musketeer Squad ', ' Ninja-Pirate-Mink-Samurai Alliance (disbanded)']"
506,Gismonda,['CP0']
507,Gladius,['Donquixote Pirates']
508,Gloriosa,"['Kuja ', ' Kuja Pirates (former)', 'Rocks Pirates  (former)']"
511,Gode,"[""God's Army""]"
513,Goki,['Beasts Pirates (Numbers)']
514,Gol D. Roger,"['Roger Pirates', '  Clan of D.']"
515,Goldberg,"['New Giant Warrior Pirates', "" Buggy's Delivery (former)"", '  Straw Hat Grand Fleet']"
516,Goldfish Princess,['Goldfish Empire']
517,"Gomora,Gomorrah",['Franky Family']
518,Gonbe,['Chimney']
519,Goo,['Pirate crew']
520,Googly,['Poseidon']
521,Gorilla,['Marines']
522,Gorishiro,['Beasts Pirates']
523,Goro,['Ukkari Hot-Spring Island']
525,Gotti,['Fire Tank Pirates']
526,Grabba,['Tontatta Kingdom']
527,Gram,['Ohara Archaeologists']
528,Great Michael,['Ally of the Whitebeard Pirates']
529,Guernica,['CP0']
530,Guillotine,['Marines']
531,Gurutaro,"['Mimawarigumi', '  Kouzuki Family']"
532,Gyaro,"['Macro Pirates', ' Sun Pirates (former)']"
533,Gyogyo,['Bonney Pirates']
534,"Gyoro, Nin, Bao",['Thriller Bark Pirates']
536,Gyro,"['Gyro Pirates , New Fish-Man Pirates (ruse, former)']"
537,Hack,['Revolutionary Army']
538,Huck,['Ohara Archaeologists']
539,Hajrudin,"['New Giant Warrior Pirates', "" Buggy's Delivery (resigned)"", '  Straw Hat Grand Fleet', '  Elbaph Royal Family (Illegitimate)']"
540,Boxer,"['Wapol', ' Evil Black Drum Kingdom']"
541,Hakugan,"['Heart Pirates ', ' Ninja-Pirate-Mink-Samurai Alliance (disbanded)']"
543,Hamburg,"['Foxy Pirates', ' Groggy Monsters']"
544,Hamlet,"['Beasts Pirates', ' Ninja-Pirate-Mink-Samurai Alliance (disbanded)']"
545,Hammond,['New Fish-Man Pirates']
548,Hanafuda,['Seven Warlords of the Sea (former)']
549,Hangan,['Ally of the Whitebeard Pirates']
550,Hanger,['Robecca Hanberg']
553,Hannyabal,['Impel Down']
554,Hanzo,"['Beasts Pirates', '  Orochi Oniwabanshu (former)', '  Kouzuki Family Oniwabanshu (anime only, former)']"
558,Harald,"['Elbaph Royal Family', 'Knights of God']"
560,Hareji,['Ninja-Pirate-Mink-Samurai Alliance']
562,Haruta,['Whitebeard Pirates']
563,PincersScissors,"['Ukkari Hot-Spring Island', ' Matsuge']"
564,Haccha,['Beasts Pirates (Numbers)']
565,Hatchan,"['Takoyaki 8', '  Arlong Pirates  (former)', ' Sun Pirates (former)']"
566,Hatsume,"['Beasts Pirates', '  Mimawarigumi (former)']"
567,Hattori,"['CP0', ' CP9  (former)', ' Galley-La Company  (former)']"
568,Hawk-Man,['Beasts Pirates']
569,Heat,"['Kid Pirates ', ' Ninja-Pirate-Mink-Samurai Alliance (disbanded)']"
570,Helmeppo,"['Marines (Headquarters', ' SWORD) (formerly 153rd Branch)']"
571,Heppoko,['Alvida Pirates (disbanded)']
572,Hera,['Corrida Colosseum']
573,Hera,['Big Mom Pirates']
575,Herb,['Shandia']
576,Hewitt,['Bellamy Pirates']
577,Hibari,"['Marines', ' SWORD']"
578,Hidayu,"['Kouzuki Family', '  Ninja-Pirate-Mink-Samurai Alliance']"
579,Higuma,['Higuma Bandits']
580,Hihimaru,"['Beasts Pirates  (defected)', ' Ninja-Pirate-Mink-Samurai Alliance (disbanded)']"
581,Hikkomitsukumai,['Kurozumi Family']
583,Hildon,['Thriller Bark Pirates']
585,Himuro,"['Beasts Pirates', '  Kurozumi Family (Mimawarigumi)  (former)']"
586,Hina,['Marines  (Black Cage Corps)']
588,Hip,['Kid Pirates']
589,Hippan Natte,['Beasts Pirates']
590,Hippie,['Endurance Curry Pirates']
591,Hippo Gallant,['Thriller Bark Pirates']
592,Hiramela,['Mermaid Café']
594,Hiro Gomon,['Endurance Curry Pirates']
596,Duke Genghis Baan,['Mokomo Dukedom']
597,Dr. HouDr. Ooh,['Nefertari Family']
598,Hocha,['Ohara Archaeologists']
599,Hocker,['Chouchou']
600,Hordy JonesHody Jones,"['New Fish-Man Pirates', '  Ally of the Flying Pirates (former)', ' Ryugu Kingdom (former)']"
601,Hoe,"['King Neptune', ' Fish-Man Island (Ryugu Kingdom)']"
602,Hogback,['Thriller Bark Pirates (Mysterious Four)']
603,MichaelHoichael,['Aunt (Non-Canon)\xa0≠']
604,Hoisassa,['Kurozumi Family (former)']
605,Holdem,['Beasts Pirates']
606,Holly,"[""God's Army""]"
607,Home,['Mt. Atama Thieves']
608,Hongo,['Red Hair Pirates']
610,Hop,['Kid Pirates']
611,Horse-Man,['Beasts Pirates']
612,Hotei,"['Beasts Pirates', ' Kurozumi Family (former)']"
613,Hotori and Kotori,"[""God's Army""]"
614,Hototogisu,['Marines']
615,Hound,['Marines']
616,House,['Kid Pirates']
617,Hublot,['Spade Pirates']
618,Humphrey,['Sabaody Archipelago']
619,Hustle,['Krieg Pirates']
620,Kicking Claw Force,['Arabasta Kingdom']
621,Hyogoro,"['Hyougoro Family (former) ', ' Ninja-Pirate-Mink-Samurai Alliance (disbanded)']"
622,Hyoutauros,"['Caesar Clown (former)', ' Centaur Patrol Unit (former)']"
623,Hyouzou,['New Fish-Man Pirates']
624,Ibiributsu,['Beasts Pirates']
625,Yves,"['Doerena Kingdom', ' Donquixote Pirates']"
626,Iceberg,"['Galley-La Company', ' Water 7', ""   Tom's Workers (former)""]"
629,Ideaman,['Krieg Pirates']
630,Ideo,"['Ideo Pirates', '   Straw Hat Grand Fleet']"
631,Igaram,"['Arabasta', '  Baroque Works  (former)']"
632,Ikaros Much,['New Fish-Man Pirates']
633,Ikkaku,"['Heart Pirates ', ' Ninja-Pirate-Mink-Samurai Alliance (disbanded)']"
635,Imu,['World Government']
636,Inazuma,"['Kamabakka Kingdom', ' Newkama Land', ' Revolutionary Army', ' Impel Down (former)']"
637,Inbi,['Beasts Pirates (Numbers)']
638,Indigo,['Golden Lion Pirates']
639,Inhel,"['Tontatta Kingdom Scouting Unit ', ' Tontatta Pirates', ' Straw Hat Grand Fleet']"
641,DogstormDogupineInuarashi,"['Mokomo Dukedom', ' Musketeers', ' Kouzuki Family', '  Inuarashi Musketeer Squad', ' Ninja-Pirate-Mink-Samurai Alliance (disbanded)', ' Nine Red Scabbards', '  Roger Pirates (former)', ' Whitebeard Pirates  (former)']"
643,Dog PenguinInuppe,"['Thriller Bark', ' Penguin Trio']"
644,MatsuIpponmatsu,['Loguetown Arms Shop']
645,Ippon Ume,['Loguetown Arms Shop']
646,Isa,['Shandia']
649,Ishilly,['Mermaid Café']
651,Islewan,['Whitebeard Pirates']
652,Issho,['Marines']
654,Itomimizu,['Foxy Pirates (former)']
656,Iwatobi,['Levely']
657,Yuwana Myclose,['World Economy News Paper']
658,Izo,"['Whitebeard Pirates (former)', '  Kouzuki Family', ' Ninja-Pirate-Mink-Samurai Alliance']"
659,Jabari,['CP6']
660,Jabra,"['CP0', '  CP9  (former)']"
661,Jack,['Beasts Pirates']
663,Jackson Burner,['Roger Pirates']
664,Jagger,['Kid Pirates']
665,Jaguar D. Saul,"['Walrus School', 'Marines (defected)']"
666,Jaki,['Beasts Pirates (Numbers)']
667,Saint Jalmac,['World Government']
668,Django,"['Marines', ' Black Cat Pirates (former)']"
669,Jarul,['Giant Warrior Pirates (former)']
670,St. Jaygarcia Saturn,"['Five Elders', '  World Nobles']"
672,Jean Bart,"['Heart Pirates', ' his own crew (former)', ' Ninja-Pirate-Mink-Samurai Alliance']"
674,Jean Noueilles,['New Fish-Man Pirates']
675,Jeep,['Levely']
676,Jet,"['Ideo Pirates', '   Straw Hat Grand Fleet']"
677,Jerry,['CP6']
678,Jero,"['Marines', ' G-5']"
679,Jesus Burgess,['Blackbeard Pirates']
681,Jewelry Bonney,['Bonney Pirates']
682,Jibuemon,['Kouzuki Family']
683,Jigoku-Benten,"['Beasts Pirates', '  Orochi Oniwabanshu (former)', ' Kurozumi Family (former)']"
684,Jigokukamabuta Megatenpanchiro,['Shimotsuki Family']
685,Jigoro,['Thriller Bark Pirates']
686,Jigra,"['Underworld ', ' Organ Dealing Assassination Group (Non-Canon)\xa0≠']"
687,Jinbe,"['Straw Hat Pirates', ' Straw Hat Grand Fleet', ' Sun Pirates  (former)', 'Ally of the Big Mom Pirates (former)', 'Seven Warlords of the Sea  (former)', ' Ryugu Kingdom  (resigned)', ' Impel Down (former)', 'Ninja-Pirate-Mink-Samurai Alliance (disbanded)']"
688,Jiron,['Revolutionary Army']
690,Johanna,['Walrus School']
691,John,"['Rocks Pirates (former)', '  Thriller Bark Pirates (post mortem)']"
692,John Giant,['Marines']
693,Johnny,"['Yosaku', "" Roronoa Zoro's band (former)"", '']"
694,George,['World Government']
696,Jorul,"['Giant Warrior Pirates (former)', ' Elbaph']"
697,Joseph,['CP0']
698,JoshuJosh,['Edison']
700,Jozu,['Whitebeard Pirates']
703,Jujiro,"['Kouzuki Family', '  Ninja-Pirate-Mink-Samurai Alliance']"
704,Juki,['Beasts Pirates (Numbers)']
705,Julius,['Whitebeard Pirates']
706,Jumper,"['Beasts Pirates', '  Kurozumi Tama']"
707,Junan,['Criminal']
708,Cub,"['Tontatta Kingdom', '  Tontatta Pirates', '  Straw Hat Grand Fleet']"
709,Kadar,"['Marines, G-2']"
710,Kagero,"['Kouzuki Family', '  Ninja-Pirate-Mink-Samurai Alliance']"
711,Keygan,['Krieg Pirates']
712,Kaido,"['Beasts Pirates', '  Rocks Pirates (former)', '  Four Emperors (former)']"
713,Kairen,['Mermaid Cafe']
716,Kaku,"['CP0', '  CP9 (former)', '  Galley-La Company (former)']"
717,Kaku,['Kyoshiro Family']
719,Kaku-no Shin,"['Kouzuki Family', '  Ninja-Pirate-Mink-Samurai Alliance']"
720,KalgaraCalgaraKalgala,['Shandia']
721,Kalifa,"['CP0', '  CP9  (former)', ' Galley-La Company  (former)']"
722,Kamakiri,"['Shandia', "" God's Guards""]"
723,Kamakiri-Girl,"['Beasts Pirates', '  Kurozumi Tama']"
725,Kamijiro,['Beasts Pirates']
726,Kaneshiro,"['Arlong Pirates', '  Sun Pirates (former)']"
729,Karasu,['Revolutionary Army (North Army)']
730,Karin,['Walrus School']
731,Karma,"['Takotopus Pirates', ' Whitebeard Pirates']"
732,Karoo,"['Super Spot-Billed Duck Troops, Nefertari Vivi,  Straw Hat Pirates (former), Baroque Works (former)']"
733,Kasa,['Raijin Island']
734,KasagonKasagoba,['New Fish-Man Pirates']
735,Kashii,"['World Government  (defected ), Giant Warrior Pirates']"
736,Kashigami,['Shandia']
739,Kawamatsu,"['Kouzuki Family', '  Nine Red Scabbards', '  Ninja-Pirate-Mink-Samurai Alliance (disbanded)']"
741,Kazekage,"['Beasts Pirates', '  Orochi Oniwabanshu (former)']"
742,Kazenbo,['Kurozumi Family']
743,Kebi,"['Rebel Army (former)', 'Sand-Sand Clan (former)']"
744,Kechatch,['Whitebeard Pirates']
747,Kelly Funk,['Mogaro Kingdom']
748,Baskerville,['World Government (Enies Lobby)']
749,Tusk,"['Walrus School', ' Giant Warrior Pirates (former)']"
750,Kibagaeru,"['Foxy Pirates (former)', ' Fanged Toad Pirates (former)']"
751,Kibin,['Marines']
752,Kiev,"[""Galley-La Company (Zambai's Company Union)"", '  Franky Family (former)']"
753,Kikipatsu,['Blackbeard Pirates']
754,Kiku,['Kuja']
755,Kikunojo,"['Kouzuki Family', '  Nine Red Scabbards ', ' Ninja-Pirate-Mink-Samurai Alliance (disbanded)']"
756,Kikyo,['Kuja']
757,Killer,"['Kid Pirates', '  Kurozumi Orochi (defected)', '  Ninja-Pirate-Mink-Samurai Alliance(disbanded)']"
758,Kimel,['Spade Pirates']
759,Kin'emon,"['Kouzuki Family', '  Ninja-Pirate-Mink-Samurai Alliance (Dissolved)', '  Nine Red Scabbards']"
761,Kinderella,['Evil Black Drum Kingdom']
762,King,['Beasts Pirates']
763,Kingbaum,"['Big Mom Pirates', ' Charlotte Family']"
764,Kinga,['Whitebeard Pirates']
765,Kingdew,['Whitebeard Pirates']
766,Mushroom,['Buggy Pirates']
768,Kirintauros,"['Caesar Clown (former)', ' Centaur Patrol Unit (former)']"
771,Mozu and Kiwi,['Franky Family  (former)']
772,Koala,"['Revolutionary Army', '  Sun Pirates (former)', '  Slavery (former)']"
774,"Koby,Coby","['Marines (SWORD), Marine 153rd Branch (former)', '  Alvida Pirates (defected)']"
775,Koda,"['Marines ', ' G-2']"
778,Kojuro,"['Kouzuki Family', '  Ninja-Pirate-Mink-Samurai Alliance']"
779,Kokoro,"[""Tom's Workers""]"
780,Komachiyo,"['Kurozumi Tama', ' Ninja-Pirate-Mink-Samurai Alliance(disbanded)']"
781,Komakkov,['Marines']
782,Comane,['Lulusia Kingdom']
784,Kong,"['World Government', ' Marines (former)']"
785,Kopp,['Franky Family']
786,Koshi Falcon,['Beasts Pirates']
787,Kotatsu,['Spade Pirates']
789,Hotori and Kotori,"[""God's Army""]"
790,Kozuki Hiyori,"['Kouzuki Family', ' Ninja-Pirate-Mink-Samurai Alliance(disbanded)']"
791,Kozuki Momonosuke,"['Kouzuki Family', '  Ninja-Pirate-Mink-Samurai Alliance (disbanded)']"
793,Kozuki Oden,"['Kouzuki Family', '  Roger Pirates (former)', ' Whitebeard Pirates (former)']"
794,Kozuki Sukiyaki,"['Kouzuki Family ', ' Ninja-Pirate-Mink-Samurai Alliance (disbanded)']"
795,Kozuki Toki,"['Kouzuki Family', '  Amatsuki Family', ' Whitebeard Pirates (former)', '  Roger Pirates (former)']"
796,Koyama,['Kouzuki Family']
797,Koza,"['Arabasta Kingdom', 'Sand-Sand Clan (former)', 'Rebel Army (former)']"
798,KozePacky,['Yes Pirates']
799,Krieg,['Krieg Pirates']
800,Kujaku,"['Marines (G-14)', '  (SWORD)']"
801,Kukai,"['Spade Pirates', '   Whitebeard Pirates']"
802,Kumadori,"['CP0', '  CP9  (former)']"
803,Kumadori Yamanbako,['Kumadori']
807,Kumacy,['Thriller Bark Pirates (Perona)']
808,Kuni,['Kyoshiro Family']
809,Kunyun,['Beasts Pirates (Numbers)']
810,Kureha,"['Sakura Kingdom', ' Isshi-100']"
811,Kuro,['Black Cat Pirates']
812,Kurokoma,['Kurokoma Family\u200e']
813,Kuromarimo,"['Bliking Pirates (disbanded), Drum Kingdom (former)']"
814,Kuroobi,"['Arlong Pirates', '  Sun Pirates (former)']"
815,Kurosawa,"['Kouzuki Family', '  Ninja-Pirate-Mink-Samurai Alliance']"
817,Kurozumi Higurashi,['Wano Country (Kurozumi Family)']
818,Kurozumi Kanjuro,"['Kurozumi Family', '  Kouzuki Family (undercover)', '  Nine Red Scabbards (undercover)', '  Ninja-Pirate-Mink-Samurai Alliance (undercover)', ' Beasts Pirates (former)']"
819,Kurozumi Orochi,"['Wano Country (Kurozumi Family)', '  Beasts Pirates (former)']"
820,Kurozumi Semimaru,['Wano Country (Kurozumi Family)']
821,Kurozumi Tama,"['Kurozumi Family', '  Ninja-Pirate-Mink-Samurai Alliance(disbanded)']"
822,Kuzan,"['Blackbeard Pirates', '   Marines  (resigned)']"
823,Kyo,['Rocks Pirates (former)']
824,Kyros,"['Corrida Colosseum (former)', ' Riku Family']"
825,Kuween,['Donquixote Pirates (former)']
826,Kyuji,"['Marines ', ' G-2']"
828,Laboon,"['Rumbar Pirates (former)', ' Crocus']"
829,Lacroix,"['Marines, Giant Squad']"
832,Lafitte,['Blackbeard Pirates']
833,Lao G,['Donquixote Pirates']
834,Lasky,['CP9 (former)']
835,Lassoo,"['New Spiders Cafe', ' Baroque Works  (former)']"
836,Lemoncheese,['Levely']
837,Leo,"['Tontatta Kingdom', '  Straw Hat Grand Fleet (Tontatta Pirates)']"
838,Leonero,['Spade Pirates']
840,Lily,['Bellamy Pirates']
841,Lime Juice,['Red Hair Pirates']
842,Linaria,"['Night Butterfly Pirates', ' Red Hair Pirates']"
843,Lindbergh,['Revolutionary Army (South Army)']
846,Lip Doughty,"['Fake Straw Hat Crew', '  His own crew']"
847,Little Oars Jr.,"['Little Pirates', '  Subordinate of the Whitebeard Pirates']"
848,Loki,['Elbaph Royal Family']
849,Lola,['Thriller Bark Pirates']
850,Lonz,"['Marines, Giant Squad']"
853,Lucky Roux,['Red Hair Pirates']
854,Du Feld,"['Lu Feld Conglomerate', '  Underworld', '  MADS (former)']"
855,Lulis,['Mermaid Cafe']
856,Machvise,['Donquixote Pirates']
857,Macro,"['Macro Pirates', '  Sun Pirates (former)']"
858,Macro,['Automata']
859,Madillo-Man,['Beasts Pirates']
860,Mag,['Walrus School']
861,Magellan,['Impel Down']
863,Magura,['Dadan Family']
864,Maha,['CP0']
865,Maidy,['Nefertari Family']
866,Maki,['Blackbeard Pirates']
867,Makino,['Partys Bar']
869,Makko,"['Marines', ' Black Cage Corps']"
870,Mamboshi,['Neptune Family']
871,Mani,['Bellamy Pirates']
872,Manjaro,['Fake Straw Hat Crew']
873,Saint Manmayer Gunko,"['Knights of God', '  World Nobles (Manmayer Family)']"
874,Mancherie,['Tontatta Kingdom']
875,Marco,"['Whitebeard Pirates (former)', '  Ninja-Pirate-Mink-Samurai Alliance(disbanded)']"
876,St. Marcus Mars,"['Five Elders', '  World Nobles']"
877,Margarita,['Egana']
878,"Marguerite,Margaret",['Kuja Pirates']
879,Mari,['Levely']
880,Maria Napole,['Fish-Man Island']
881,Marianne,"['New Spiders Cafe', '  Baroque Works  (former)']"
882,Marie,"['Saint Charlos', ' Judy']"
883,Marilyn,['Neutral civilian']
886,Marlon,['Rocks Pirates']
887,Marshall D. Teech,"['Blackbeard Pirates', ' Four Emperors', ' Clan of D. (Davy Family)', ' Seven Warlords of the Sea  (former)', ' Whitebeard Pirates 2nd Division  (defected)']"
889,Mash,['Sea Floor']
891,Masira,['Saruyama Alliance (Masira Pirates)']
892,Masked Deuce,"['Spade Pirates', '  Whitebeard Pirates']"
893,Massui,['Beasts Pirates']
901,"Eyelashes,Eyelash,Lashes,Matsuge",['Super Spot-Billed Duck Troops']
902,Mouji,"['Tontatta Kingdom', '  Tontatta Pirates', ' Straw Hat Grand Fleet']"
903,Maynard,['Marines']
904,Max Marx,['Roger Pirates']
905,Mayushka,['Shandia']
906,McGuy,['Subordinate of the Whitebeard Pirates']
907,McKinley,"[""God's Guards""]"
908,Meadows,['Corrida Colosseum']
909,Mecha-Shark,['Vegapunk']
910,Megalo,['Ryugu Kingdom']
911,Mello,['Mermaid Cafe']
912,Merry,['Kaya']
913,Gohngeddit Juanpeace,['Germ Pirates']
914,MichaelHoichael,['Aunt (Non-Canon)\xa0≠']
915,Mihal,"['Spade Pirates,  Whitebeard Pirates']"
916,Mikazuki,['Big Helmet Pirates']
918,Mikita,"['New Spiders Cafe', ' Baroque Works (former)']"
919,Miles,['Fish-Man Island']
920,Milky,"['Mokomo Dukedom', ' Guardians ', ' Ninja-Pirate-Mink-Samurai Alliance']"
921,Mille Pine,['Roger Pirates']
923,Minatomo,['Easter Egg']
925,Minister of the Left,['Ryugu Kingdom']
926,Minister of the Right,['Ryugu Kingdom']
927,Minochihuahua,['Impel Down']
928,Minokoala,"['Impel Down', ' World Government']"
929,Minorhinoceros,"['Impel Down', ' World Government']"
931,Minotaur,"['Impel Down', ' World Government']"
932,Minozebra,"['Impel Down', ' World Government']"
933,Misery,['Big Mom Pirates']
935,Miss Katherina,['Baroque Works (Millions) (former)']
936,Ms. Father's DayMiss Father's Day,['Baroque Works (former)']
937,Ms. FridayMiss Friday,['Baroque Works (former)']
938,Ms. MondayMiss Monday,['Baroque Works  (former)']
939,Ms. Mother's Day,['Baroque Works (former)']
940,Ms. Saturday,['Baroque Works (former)']
941,Ms. Thursday,['Baroque Works (former)']
942,Ms. Tuesday,['Baroque Works (former)']
943,Miyagi,"['Mokomo Dukedom', ' Ninja-Pirate-Mink-Samurai Alliance (disbanded)']"
944,Mizerka,['Beasts Pirates']
945,Mizuira,['Ohara']
946,Mizuuta Madaisky,['Rumbar Pirates']
947,Mizuuta Mawaritosky,['Rumbar Pirates']
948,Moai,['Kid Pirates']
949,McTreenald,['Thriller Bark Pirates']
951,Mochi,['Angel Island']
952,Moda,"['Revolutionary Army', '  G-2']"
953,Mohji,"['Cross Guild', ""  Buggy's Delivery"", ' Buggy and Alvida Alliance', ' Buggy Pirates']"
954,Momonga,['Marines G-1 Branch']
955,Momoo,"['Arlong Pirates (former)', '  Caribou Pirates (former)']"
956,Monda,['Foxy Pirates (former)']
957,Monet,"['Caesar Clown (espionage)', ' Donquixote Pirates']"
958,Mon-ji,['Mokomo Dukedom']
959,Monjiro,"['Kouzuki Family', '  Ninja-Pirate-Mink-Samurai Alliance']"
960,Monkey D. Dragon,"['Revolutionary Army', '  Clan of D.', ' Freedom Fighters (former)', '  Marines (defected)']"
961,Monkey D. Garp,"['Marines  (semi-retired)', '  Clan of D.']"
962,Monkey D. Luffy,"['Straw Hat Pirates', 'Straw Hat Grand Fleet', 'Four Emperors', 'Clan of D.', 'Dadan Family (former)', 'Baratie (temporary, former)', ' Impel Down (former)', 'Ninja-Pirate-Mink-Samurai Alliance (disbanded)']"
963,Monster,['Red Hair Pirates']
964,"Mont Blanc Cricket,Montblanc Cricket,Monbran Cricket,Mombran Cricket","['Saruyama Alliance', ' Mont Blanc Family', ' His original crew (former)']"
965,Mont Blanc Noland,"['Lvneel Kingdom', ' Mont Blanc Family']"
967,Moon Isaac Jr.,['Roger Pirates']
968,Moqueca,['Levely']
969,Morgan,"['Marines (153rd Branch)  (former, defected)']"
970,Morgans,"['World Economy News Paper', ' Underworld']"
971,Morley,['Revolutionary Army (West Army)']
975,Mosh,['Kid Pirates']
976,Motobaro,['Rosy Life Riders']
977,Spots,['Poseidon']
979,Mounbleten,['Fake Straw Hat Crew']
980,Mountain God,['Kouzuki Family']
981,Mountain Ricky,['Foxy Pirates (former)']
982,Mouse-Man,['Beasts Pirates']
983,Musse,['Shandia']
985,Moyle,['Divine Squad']
986,Mozambia,['Marines']
987,Mozu and Kiwi,['Franky Family  (former)']
988,Mr. 6,['Baroque Works (former)']
989,Mr. 7,['Baroque Works']
990,Mr. 7,['Baroque Works (former)']
991,Mr. 9,['Baroque Works (former)']
992,Mr. 10,['Baroque Works (former)']
993,Mr. 11,['Baroque Works']
994,Mr. 12,['Baroque Works (former)']
995,Mr. 13,['Baroque Works (former)']
996,Mr. Beans,['Baroque Works (Millions) (former)']
997,Mr. Love,"['Baroque Works (Billions) (former)', 'Rebel Army (ruse)']"
998,Mr. Melow,['Baroque Works (Billions) (former)']
999,Mr. Momora,['Roger Pirates']
1001,Mr. Shimizu,['Baroque Works (Millions) (former)']
1002,Notta Magician,['Impel Down']
1004,Muegren,['Roger Pirates']
1007,Mameemee,['World Government Orphanage']
1008,Mjure,['Bellamy Pirates (former)']
1012,Nami,"['Straw Hat Pirates', 'Straw Hat Grand Fleet', 'Arlong Pirates  (defected)', 'Ganzack Pirates (movie, former)', 'Golden Lion Pirates (movie, former)', ' Ninja-Pirate-Mink-Samurai Alliance (disbanded)']"
1013,Namule,['Whitebeard Pirates']
1015,Nangi,['Beasts Pirates (Numbers)']
1016,Napoleon,"['Big Mom Pirates', '  Rocks Pirates (former)']"
1017,Nash,['New Giant Warrior Pirates']
1018,Nashi,['Levely']
1019,Natto,"['Rebel Army (former)', ' Sand-Sand Clan (former)']"
1020,Nay Mingheim,['Marines']
1022,Nefeltari Cobra,"['Arabasta Kingdom', '   Clan of D.']"
1023,Nefeltari D. Lily  Nefertari D. Lily,"['Arabasta Kingdom', ' Nefertari Family', ' World Government', '  Clan of D.']"
1024,Nefeltari Titi,['Arabasta Kingdom']
1025,Nefeltari Vivi,"['Arabasta Kingdom (Nefertari Family)', ' Straw Hat Pirates (former)', ' Baroque Works  (double agent)', '  Clan of D.', ' Sand-Sand Clan (former)']"
1026,Neggy,['Levely']
1028,Cat ViperNekomamushi,"['Mokomo Dukedom', ' Guardians', '  Kouzuki Family', '  Ninja-Pirate-Mink-Samurai Alliance (disbanded)', ' Nine Red Scabbards', '  Roger Pirates (former)', ' Whitebeard Pirates  (former)']"
1030,Neoki,['Beasts Pirates']
1031,Neptune,"['Neptune Family', ' Ryugu Kingdom']"
1032,Nerine,['Kuja']
1033,Nero,['CP9  (former)']
1034,St. Imu,"['World Government (First Twenty)', '  Nerona Family']"
1035,Nezumi,"['Marines', ' Marine 16th Branch']"
1036,Nico Olvia,['Ohara Archaeologists']
1037,Nico Robin,"['Straw Hat Pirates', 'Straw Hat Grand Fleet', 'Baroque Works  (defected)', 'Foxy Pirates (filler, temporary)', 'Ohara Archaeologists (former)', 'Revolutionary Army (former, temporarily)', 'Ninja-Pirate-Mink-Samurai Alliance (disbanded)']"
1039,Nightcrab-Girl,['Beasts Pirates']
1042,"Gyoro, Nin, Bao",['Thriller Bark Pirates']
1043,CarrotNinjin,['Usopp Pirates (disbanded)']
1044,Ninth,['Ally of the Whitebeard Pirates']
1045,Nitro,"['Big Mom Pirates', ' Cacao Island']"
1047,Aristocroc,['Big Mom Pirates']
1048,Nodoi Wakan,['Beasts Pirates']
1049,Nokokuwa Police,"['Beasts Pirates (Armored Division)', ' Kurozumi Tama']"
1050,Nokotti,['Beasts Pirates']
1051,Nojiko,"[""Bell-mère's mikan""]"
1052,Nola,"['Shandia', ' Wagomuland']"
1053,Stray Fox,['Fake Straw Hat Crew']
1057,Nubon,"['Tontatta Kingdom ', ' Tonta Corps', ' Straw Hat Grand Fleet']"
1058,Snott Mee,['Black Cat Pirates']
1059,Nure-Onna,['Beasts Pirates']
1062,Oars,['Thriller Bark Pirates']
1064,Wang Zhi,['Rocks Pirates (former)']
1065,Ohm,"[""God's Army (former)""]"
1067,Oimo,"['World Government  (defected )', ' Giant Warrior Pirates']"
1069,Okame,['Rebel Army  (former) Sand-Sand Clan (former)']
1070,Ryce,['Hokahoka Pirates']
1071,Olav,['Walrus School']
1072,Crone Oli,['Red Hair Pirates']
1073,Oliva,['Whitebeard Pirates (former)']
1074,Ohmasa,['Ninja-Pirate-Mink-Samurai Alliance (disbanded)']
1075,Onigumo,['Marines']
1076,Onimaru,"['Shimotsuki Family (Shimotsuki Ushimaru)', ' Kouzuki Family (Kawamatsu)']"
1078,Olombus,"['Yonta Maria Grand Fleet', '  Straw Hat Grand Fleet', '  Standing Kingdom']"
1079,Ossamond,['Spade Pirates']
1080,Otohime,"['Neptune Family', ' Ryugu Kingdom']"
1081,Ottoland,['Franky Family']
1083,KozePacky,['Yes Pirates']
1085,Page One,"['Yamato', '  Beasts Pirates (Tobiroppo)  (former)']"
1086,Palms,"['His own crew', ' Ally of the Whitebeard Pirates']"
1088,Panda WomanPandawomanmi,['Easter Egg']
1089,Pandora,['Carmel']
1091,Pansy,['Kuja']
1093,Papas,['Kid Pirates']
1094,Pappagu,"['Criminal brand', ' Takoyaki 8']"
1095,Pert,['Bonney Pirates']
1097,Patty,['Baratie']
1098,Paulie,['Galley-La Company']
1099,Pavlik,['Whitebeard Pirates']
1100,Peachbeard,"['Peachbeard Pirates', ' Blackbeard Pirates']"
1101,Pearl,['Krieg Pirates']
1102,Peepley Lulu,['Galley-La Company']
1103,Pedro,"['Mokomo Dukedom', ' Guardians', ' ', ' Ninja-Pirate-Mink-Samurai Alliance', ' Nox Expedition Party\\Pirates (former)']"
1104,Pekkori,['Harahettania']
1105,Pekoms,"['Big Mom Pirates', '  Nox Pirates (former)']"
1106,Pell,['Arabasta Kingdom']
1107,Pellini,"['Tontatta Kingdom', ' Tontatta Pirates', ' Straw Hat Grand Fleet']"
1108,Penguin,"['Heart Pirates ', ' Ninja-Pirate-Mink-Samurai Alliance (disbanded)']"
1109,Peppoko,['Alvida Pirates (disbanded)']
1110,Perona,"['Thriller Bark Pirates (Mysterious Four)', '  Dracule Mihawk (former)']"
1111,Peterman,['Hound Pets']
1112,Peetamu,['Roger Pirates']
1113,Pica,['Donquixote Pirates']
1114,Pickles,"['Foxy Pirates (former)', ' Groggy Monsters']"
1115,Pierre,['Gan Fall']
1116,PepperPieman,['Usopp Pirates (disbanded)']
1117,Pike,"['Marines', ' G-5']"
1119,Piper,['New Giant Warrior Pirates']
1120,Pisaro,"['Arlong Pirates', '  Sun Pirates  (former)']"
1121,Saint Pluming,['World Government']
1122,Poker,"['Beasts Pirates,  Tama']"
1123,Polo Gram,['Polo Pirates']
1124,"Pump,Pomp",['Kid Pirates']
1125,Pomsky,['Marines']
1126,Poppoko,['Alvida Pirates (disbanded)']
1127,Poppy,['Kuja']
1128,Porche,['Foxy Pirates']
1129,Porchemy,['Bluejam Pirates']
1130,Poro,['Orange Town']
1131,Portgas D. Ace,"['Whitebeard Pirates', ' Spade Pirates (former)', ' Clan of D.', 'Dadan Family (former)', 'Impel Down (former)']"
1132,Portgaz D. Rouge,"['Gol D. Roger', ' Portgas D. Ace', ' Clan of D.']"
1133,Potato,['Bonney Pirates']
1136,Pound,['Charlotte Family (Former)\xa0‡']
1137,Prince Grus,"['Marines (G-14)', '  (SWORD)']"
1138,Prometheus,"['Big Mom Pirates', '  Rocks Pirates (former)']"
1139,Purinpurin,"['Marines, Marine 77th Branch']"
1141,Puppu,['Pirate crew']
1142,Pururu,"['Bourgeois Pirates', ' Red Hair Pirates']"
1143,Pacifista,['Marines']
1144,Pacifista,['Marines']
1145,Pacifista,['Marines']
1146,Pacifista,['Marines']
1148,Queen,"['Beasts Pirates', '  MADS (former)']"
1150,Quincy,['Kid Pirates']
1151,Rabbit-Man,['Beasts Pirates']
1152,RabianRabiyan,"['Big Mom Pirates', ' Cacao Island']"
1154,Ragnir,"['Loki', ' Elbaph Royal Family']"
1155,Rydin,['Giant Warrior Pirates (former)']
1156,Raijin,"['Beasts Pirates', '  Orochi Oniwabanshu (former)', ' Kurozumi Family (former)']"
1157,Raizo,"['Kouzuki Family', '  Nine Red Scabbards', '  Ninja-Pirate-Mink-Samurai Alliance']"
1158,Raki,"['Shandia', ' Pumpkin Cafe']"
1160,Dr. Noshirtkutz Tofayme,['Germ Pirates']
1161,Rakuyo,['Whitebeard Pirates']
1162,Ramba,['Subordinate of the Whitebeard Pirates']
1163,Ramen,['Happo Navy']
1164,Rampo,"['Tontatta Kingdom', '  Tontatta Pirates', ' Straw Hat Grand Fleet']"
1165,Ran,['Kuja Pirates']
1166,Randolph,['Big Mom Pirates']
1167,Langram,['Roger Pirates']
1168,Ratatoskr,['Warrior God']
1169,Ratel,['Marines']
1170,Rebecca,"['Dressrosa', ' Corrida Colosseum']"
1171,"Wreck,Reck",['Kid Pirates']
1172,Recycollie,['Vegapunk']
1173,Red King,['Marines']
1174,Redwolf,['Beasts Pirates']
1175,Reforte,['Whitebeard Pirates']
1177,RichieRichy,"['Cross Guild', ""  Buggy's Delivery"", ' Buggy and Alvida Alliance', ' Buggy Pirates']"
1178,Rika,['Marines (153rd Branch)']
1179,Riku Doldo III,['Riku Family']
1180,Saint Rimoshifu Killingham,"['Knights of God', ' World Nobles (Rimoshifu Family)']"
1181,Rindo,['Kuja Pirates']
1182,Lint,['Ohara Archaeologists']
1183,Ripley,['Walrus School']
1184,Ripper,['Marines (153rd Branch)']
1186,Risky Brothers,"['Perona', '  Thriller Bark Pirates']"
1187,Risky Brothers,"['Rolling Pirates', "" Thriller Bark Victim's Association""]"
1188,Rivers,['Bellamy Pirates']
1189,Rodo,"[""Straw Hat Grand Fleet (New Giant Warrior Pirates), Land of Gods, Buggy's Delivery (former)""]"
1190,Rob Lucci,"['CP0', '  CP9  (former)', ' Galley-La Company   (former)']"
1191,Robson,"['Drum Kingdom (former)', ' Bliking Pirates (disbanded)']"
1192,Roshu,['Ohara Archaeologists']
1195,Rocks D. Xebec,"['Rocks Pirates', ' Clan of D.  (Davy Family)']"
1196,Rockstar,['Red Hair Pirates']
1197,Roddy,"['Mokomo Dukedom', ' Guardians ', ' Ninja-Pirate-Mink-Samurai Alliance']"
1199,Rokkaku,['Marines (153rd Branch)']
1200,Rokki,['Beasts Pirates (Numbers)']
1201,Rolling Logan,['Majiatsuka Kingdom']
1202,Ronja,['Walrus School']
1205,Roronoa Zoro,"['Straw Hat Pirates', ' Straw Hat Grand Fleet', 'Shimotsuki Family (descended)', ' Ninja-Pirate-Mink-Samurai Alliance (disbanded)']"
1206,Roshio,['Roshio Pirates']
1207,Ross,['Bellamy Pirates']
1208,Saint Charlos,['World Government (Rosward Family)']
1209,Roswald,['World Government (Rosward Family)']
1210,Saint Rosward Shalria,['World Government (Rosward Family)']
1211,Lowwing,['Roger Pirates']
1215,Lun,"['Caesar Clown (former)', ' Centaur Patrol Unit (former)']"
1216,Rush,['Ally of the Whitebeard Pirates']
1218,Ryuboshi,['Neptune Family']
1219,Ryuma,['Thriller Bark Pirates']
1221,S-Bear,['Seraphim (Pacifista)']
1222,S-Hawk,['Seraphim (Pacifista)']
1223,S-Shark,['Seraphim (Pacifista)']
1224,S-Snake,['Seraphim (Pacifista)']
1225,Saber,['Spade Pirates']
1226,Sabo,"['Revolutionary Army', 'Dadan Family (former)', 'Goa Kingdom (defected)']"
1227,Sadie,['Impel Down']
1228,Sai,"['Happo Navy', ' Chinjao Family', ' Straw Hat Grand Fleet']"
1230,Saitank,"['Beasts Pirates (Armored Division)', '  Kurozumi Tama']"
1231,Sakazuki,['Marines']
1233,Saldeath,['Impel Down']
1234,Salome,['Kuja Pirates']
1235,Sam,['Easter Egg']
1238,Thanklin,"['Brook (former)', "" Longarm Tribe's warriors (former)""]"
1239,Sandayu,['Komurasaki']
1240,Sanji,"['Straw Hat Pirates', ' Straw Hat Grand Fleet', 'Vinsmoke Family (former)', ' Baratie (resigned)', ' Germa Kingdom (defected)', ' Ninja-Pirate-Mink-Samurai Alliance (disbanded)']"
1241,San Juan Wolf,"['Blackbeard Pirates', ' Impel Down (former)']"
1244,Sarahebi,['Beasts Pirates']
1245,Sarai,['Takotopus Pirates']
1246,Sarfunkel,['Gaimon']
1247,Sally Isntoinette,['Goa Kingdom']
1248,Sarquiss,['Bellamy Pirates']
1249,Salou,['Rosward Family']
1250,Sarutobi,"['Beasts Pirates', '  Orochi Oniwabanshu (former)']"
1251,Sasaki,"['Beasts Pirates (Tobiroppo)', ' Sasaki Pirates (former)']"
1252,Saint Satchels Maffey,"['Knights of God', '  World Nobles (Satchels Family)']"
1253,Satori,"[""God's Army""]"
1254,Sauce,['Levely']
1255,Scales,['Poseidon']
1256,Scarlet,['Riku Family']
1257,Schollzo,['Franky Family']
1258,Scimitarta,['Endurance Curry Pirates']
1259,Scopper Gaban,['Roger Pirates (former)']
1260,Scorpion-Lady,"['Beasts Pirates (Armored Division)', '  Kurozumi Tama']"
1261,Yeti Cool Brothers,['Caesar Clown']
1262,Scotch,['Beasts Pirates']
1263,Scratchmen Apoo,"['On Air Pirates ', ' Beasts Pirates  (former)']"
1264,Sea Boar,['Sea Floor']
1265,Seagull Ganz Nozudon,['Roger Pirates (former)']
1266,Seamars,['Space Pirates']
1267,Seira,['Mermaid Cafe']
1268,Seki,['Levely']
1269,Sengoku,['Marines  (semi-retired)']
1271,Señor Pink,['Donquixote Pirates']
1272,Sentomaru,['Marines (former)']
1274,Seto,['Shandia']
1275,Shachi,"['Heart Pirates ', ' Ninja-Pirate-Mink-Samurai Alliance (disbanded)']"
1277,Shakuyaku,"[""Shakky's Rip-off Bar"", '  Kuja', ' Kuja Pirates (former)']"
1278,SiamSham,['Black Cat Pirates']
1279,Shamba,['Torino Kingdom']
1280,Shandia Chief,['Shandia']
1281,Shanks,"['Red Hair Pirates', ' Four Emperors', ' Roger Pirates (former)', ' Knights of God (former)', ' World Nobles (Figarland Family) (former)']"
1282,Sharingle,['Marines']
1283,Sheepshead,['Beasts Pirates']
1285,St. Shepherd Ju Peter,"['Five Elders', '  World Nobles (Shepherd Family)']"
1286,Saint Shepherd Sommers,"['Knights of God', '  World Nobles (Shepherd Family)']"
1287,Shiki,"['Golden Lion Pirates', ' Rocks Pirates (former)', '  Impel Down (former)']"
1288,Hitchinfra Itchin,['Germ Pirates']
1290,Shimotsuki Koshiro,['Shimotsuki Family']
1291,Shimotsuki Kozaburo,['Shimotsuki Family']
1292,Shimotsuki Kuina,['Shimotsuki Family']
1293,Shimotsuki Ryuma,"['Wano Country', ' Shimotsuki Family']"
1298,Shine,['Marines']
1299,Shinobu,"['Kouzuki Family ', ' Ninja-Pirate-Mink-Samurai Alliance (disbanded)']"
1300,Shinosuke,['Kouzuki Family']
1301,Shion,['Kuja']
1302,Saltgrill,['Arlong Pirates']
1303,Shirahoshi,"['Neptune Family', ' Ryugu Kingdom']"
1304,Shiryu Shiliew,"['Blackbeard Pirates', '   Impel Down  (former)']"
1305,Shishilian,"['Mokomo Dukedom', ' Inuarashi Musketeer Squad', '  Ninja-Pirate-Mink-Samurai Alliance']"
1306,Shojoe,['Saruyama Alliance (Shoujou Pirates)']
1307,Shu,['Marines']
1308,Shura,"[""God's Army""]"
1309,Sharley,['Mermaid Cafe']
1310,Sicily,['Marines']
1312,Silvers Rayleigh,['Roger Pirates (former)']
1314,Skaldi,['Walrus School']
1315,Skull,"['Spade Pirates,  Whitebeard Pirates']"
1317,Smiley,['Caesar Clown']
1318,"Smoker,Chaser","['Marines', ' G-5', '  Loguetown Marine Base (former)']"
1319,Smoothy,"['Caesar Clown (former)', ' Centaur Patrol Unit (former)']"
1320,Snakeman,['Beasts Pirates']
1321,"Sodomu,Sodom ",['Franky Family']
1322,Solitaire,['Beasts Pirates']
1324,Sonie,['Foxy Pirates (former)']
1325,Sola,['Mermaid Cafe']
1327,Solo,['Helmeppo']
1328,Spacey,['Automata']
1329,Spandam,"['CP0', '  CP9  (former)', ' CP5 (former)']"
1330,Spandine,['CP9 (former)']
1331,Spartan,['Corrida Colosseum']
1333,Speed,"['Beasts Pirates (former)', '  Kurozumi Tama ', ' Ninja-Pirate-Mink-Samurai Alliance (disbanded)']"
1334,Speed Jil,['Whitebeard Pirates']
1335,Spencer,['Roger Pirates']
1336,Sphinx,"['World Government, Impel Down']"
1339,Spoil,"[""Thriller Bark Victim's Association""]"
1340,Squard,"['Maelstrom Spider Pirates', ' Whitebeard Pirates']"
1341,Stainless,['Marines']
1342,Stalker,['Marines G-1 Branch']
1343,Stansen,"['New Giant Warrior Pirates', ' Straw Hat Grand Fleet', "" Buggy's Delivery (former)""]"
1344,Stealth Black,['Germa 66 (fictional)']
1345,Stephen,['Whitebeard Pirates']
1347,Staybe,['Water 7']
1349,Strawberry,['Marines']
1350,Streusen,"['Big Mom Pirates', '  Rocks Pirates (former)']"
1351,Stroganoff,['Levely']
1352,Stronger,['Blackbeard Pirates']
1353,Stussy,"['Vegapunk', '  CP0 (undercover, former)', '   Underworld (undercover)', '  MADS (former)']"
1354,Su,['Skypiea']
1355,SugamichiWarazane,['Fujin and Raijin']
1356,Sugar,['Donquixote Pirates']
1357,Wannabi Luvd,['Germ Pirates']
1358,Wannabi Laikd,['Germ Pirates']
1359,Suke,['Kyoshiro Family']
1362,Suleiman,"['Beautiful Pirates', '  Underworld (former)', 'Straw Hat Grand Fleet']"
1363,Sambel,['Roger Pirates']
1364,Surume,['New Fish-Man Pirates (defected)']
1366,Sweetpea,['Kuja Pirates']
1367,T-Bone,['Marines']
1368,Otaka,['Hyougoro Family']
1369,Tamikebao,['Kurozumi Family']
1370,Tabuhachiro,"['Kouzuki Family ', ' Ninja-Pirate-Mink-Samurai Alliance']"
1372,Takao,['Komurasaki']
1373,Take,['Arlong Pirates']
1374,Tama,['Oide']
1375,"Tamachibi,Tama",['Stool Restaurant']
1376,Tamago,['Big Mom Pirates']
1377,Tamagon,"[""Galley-La Company (Zambai's Company Union)"", '  Franky Family  (former)']"
1378,OnionTamanegi,['Usopp Pirates (disbanded)']
1379,Tank Lepant,['Riku Family']
1380,Tansui,"['Macro Pirates', '  Sun Pirates (former)']"
1382,"Taralan, Tararan",['Thriller Bark Pirates']
1383,Taro,['Roger Pirates']
1384,Taroimo,['Karakuri Island']
1385,Tashigi,"['Marines', ' G-5', '  Loguetown Marine Base (former)']"
1386,Tate,['Whitebeard Pirates']
1387,Tea IV,['Levely']
1389,Tenjo-Sagari,['Beasts Pirates']
1390,Tensei,['Marines']
1391,Terracotta,['Arabasta Kingdom']
1393,Terry Gilteo,['Revolutionary Army']
1396,Thalassa Lucas,['Ilisia Kingdom']
1397,Thatch,['Whitebeard Pirates']
1398,Thormann,['Giant Warrior Pirates']
1399,Tibbany Elizabeth,['Kamabakka Kingdom']
1400,Tilestone,['Galley-La Company']
1403,Tokikake,['Marines']
1404,Toko,"['Kouzuki Hiyori, Shimotsuki Family']"
1405,Tom,"[""Tom's Workers""]"
1407,Tomato Gang,['Easter Egg']
1412,Tony Tony Chopper,"['Straw Hat Pirates', 'Straw Hat Grand Fleet', 'Foxy Pirates (former, temporary)', 'Ninja-Pirate-Mink-Samurai Alliance (disbanded)']"
1413,Topknot,['Poseidon']
1414,St. Topman Warcury,"['Five Elders', '  World Nobles']"
1416,Tori,['Blackbeard Pirates']
1417,Tosa,['Marines']
1418,"Toto,Toh-Toh,Tu-tu",['Koza']
1419,Totts,['Bonney Pirates']
1421,Trafalgar D. Water Law,"['Heart Pirates', ' Clan of D.', 'Ninja-Pirate-Mink-Samurai Alliance (disbanded)', 'Seven Warlords of the Sea  (revoked)', '  Donquixote Pirates (defected)']"
1423,Trebol,['Donquixote Pirates']
1424,Tristan,"['Mokomo Dukedom', ' Ninja-Pirate-Mink-Samurai Alliance']"
1425,Tritobu,['Levely']
1426,Tritoma,['Kuja Pirates']
1427,Tsugaru Umi,['Nico Robin']
1428,Tsukimi,['Moon']
1429,Tsumonsieur Kamaya,['CP9 (former)']
1430,Tsunagoro,['Ninja-Pirate-Mink-Samurai Alliance (disbanded)']
1431,Antlerkov,['Newkama Land (former)']
1432,Tsuru,['Marines']
1433,Ukkari Tsurube,['Kurozumi Family']
1436,Turk,['Fake Straw Hat Crew']
1437,Tyrannosaurus,['Iceburg']
1439,Moocy,['Corrida Colosseum']
1441,Ooklicia,['Niho Navy']
1442,UK,['Kid Pirates']
1443,Carelesso,['Marines (Marine 153rd Branch)']
1444,Ukon,"['Kouzuki Family', '  Ninja-Pirate-Mink-Samurai Alliance']"
1445,Ulti,"['Yamato', '  Beasts Pirates (Tobiroppo) (former)']"
1446,Ultra King,['Rain Dinners']
1447,Umit,"['Underworld', '  Umit Shipping']"
1448,Chin,['Poseidon']
1449,Yurusumaji Mask,['Easter Egg']
1450,Uni,"['Heart Pirates ', ' Ninja-Pirate-Mink-Samurai Alliance (disbanded)']"
1451,Unigaro,['Thriller Bark Pirates']
1454,Urban,['Marines']
1456,Urouge,['Fallen Monk Pirates']
1459,Bunkov,['Newkama Land (former)']
1460,Ushiano,['Revolutionary Army']
1461,Usunoro,['Beasts Pirates (Armored Division)']
1462,Usopp,"['Straw Hat Pirates', 'Straw Hat Grand Fleet', 'Usopp Pirates (disbanded)', 'Ninja-Pirate-Mink-Samurai Alliance (disbanded)']"
1463,Uta,['Red Hair Pirates (former)']
1464,Uwattsura,['Beasts Pirates']
1466,Uzuki Namida,['Uzuki Family']
1467,Uzuki Tempura,['Uzuki Family']
1468,Van AugurVan OgreVan Auger,['Blackbeard Pirates']
1469,Vander Decken,['Flying Dutchman']
1470,Vander Decken IX,"['Flying Pirates', '  Ally of the New Fish-Man Pirates (former)']"
1471,Vasco Shot,"['Blackbeard Pirates', '   Impel Down  (former)']"
1473,Dr. Vegapunk,"['MADS (former)', '  Marines (former) (SSG)']"
1474,Vergo,"['Donquixote Pirates', '  Marines  (undercover)', '  Marine G-5  (undercover)']"
1475,Berry Good,['Marines']
1476,Victoria Cindry,"['Thriller Bark Pirates', ' Dr. Hogback']"
1478,Vincent,['Sankan Kingdom']
1479,Vinsmoke Ichiji,"['Vinsmoke Family', ' Germa Kingdom', ' Germa 66']"
1480,Vinsmoke Judge,"['Vinsmoke Family', ' Germa Kingdom', ' Germa 66', '  NEO MADS', '  MADS (former)']"
1481,Vinsmoke Niji,"['Vinsmoke Family', ' Germa Kingdom', ' Germa 66']"
1482,Vinsmoke Reiju,"['Vinsmoke Family', ' Germa Kingdom', ' Germa 66']"
1483,Vinsmoke Sora,"['Vinsmoke Family', ' Germa Kingdom']"
1484,Vinsmoke Yonji,"['Vinsmoke Family', ' Germa Kingdom', ' Germa 66']"
1485,Viola,"['Riku Family ', ' Donquixote Pirates (defected)']"
1486,Vista,['Whitebeard Pirates  (former)']
1487,Vitan,['Whitebeard Pirates']
1488,Vito,['Fire Tank Pirates']
1489,Wadatsumi,"['Sun Pirates', '  Flying Pirates (former)']"
1492,Wallace,['Spade Pirates']
1493,Wallem,['Ally of the Whitebeard Pirates']
1494,Wanda,"['Mokomo Dukedom', ' Inuarashi Musketeer Squad', '  Ninja-Pirate-Mink-Samurai Alliance (disbanded)']"
1495,Warney,['Wanda']
1496,Wanyudo,['Beasts Pirates']
1497,Wanze,['CP7']
1498,Wapol,"['Evil Black Drum Kingdom', '  Drum Kingdom (former)', '   Bliking Pirates  (disbanded)']"
1499,Warashi,['Shandia']
1500,SugamichiWarazane,['Fujin and Raijin']
1504,Wheel,['Levely']
1505,Whitey Bay,['Whitebeard Pirates']
1506,Who's-Who,"['Beasts Pirates (Tobiroppo)', "" Who's-Who Pirates (former)"", '  CP9 (former)', '']"
1507,WickaWicca,"['Tontatta Kingdom Scouting Unit', '  Straw Hat Grand Fleet']"
1509,Wire,"['Kid Pirates ', ' Ninja-Pirate-Mink-Samurai Alliance (disbanded)']"
1510,Wolf,['Walrus School']
1511,Woop Slap,['Foosha Village']
1512,Wyper,"['Shandia', "" God's Guards""]"
1513,X. Drake,"['Marines (SWORD)', ' Drake Pirates', ' Beasts Pirates (Tobiroppo, former)', '   Barrels Pirates (defected)', ' Ninja-Pirate-Mink-Samurai Alliance (disbanded)']"
1514,Yama,['Enel (former)']
1515,Yamakaji,['Marines']
1516,Yamanba,['Beasts Pirates']
1517,Yamato,"['Ninja-Pirate-Mink-Samurai Alliance (disbanded)', '  Beasts Pirates (defected)']"
1519,Yamenahare,['Marumieta']
1520,Yamon,['Roger Pirates']
1521,Yarisugi,"['Marines', ' G-5']"
1522,Yasopp,['Red Hair Pirates']
1523,Yatappe,['Ninja-Pirate-Mink-Samurai Alliance (disbanded)']
1524,Yazaemon,"['Beasts Pirates', '  Orochi Oniwabanshu (former)']"
1525,Ylva,['Walrus School']
1527,Yokozuna,"[""Tom's Workers (former)""]"
1528,Yomo,"['Mokomo Dukedom (Inuarashi Musketeer Squad)', '  Ninja-Pirate-Mink-Samurai Alliance']"
1532,Yorki,['Rumbar Pirates']
1533,Yosaku,"['Johnny', "" Roronoa Zoro's band (former)""]"
1535,Yotsubane,['Shandia']
1537,Yuey,['Roger Pirates']
1539,Eureka,['Tulip Pirates']
1541,Zayde,['Ohara Archaeologists']
1542,Zala,"['New Spiders Cafe', ' Baroque Works   (Former)']"
1543,Zambai,"[""Galley-La Company (Zambai's Company Union)"", '  Franky Family  (former)']"
1544,Zangirimaru,['Ninja-Pirate-Mink-Samurai Alliance']
1545,Zanki,['Beasts Pirates (Numbers)']
1546,Zeff,"['Baratie', ' Cook Pirates (former)']"
1547,Zeo,['New Fish-Man Pirates']
1548,Zepo,['Nox Pirates']
1549,Zeus,"['Straw Hat Pirates', '  Big Mom Pirates (defected) ', ' Rocks Pirates (former)']"
1550,Zodia,['Whitebeard Pirates']
1551,Burr,['Marines G-1 Branch']
1552,Zukka,['Ally of the Whitebeard Pirates']
