,Official English Name,affiliation,member
190,Browndros BeardriguezChadros Higelyges,Caesar Clown,1
194,Chappe,Caesar Clown,1
393,Dragon Number Twenty-One,Caesar Clown,1
429,Fen Bock,Caesar Clown,1
622,Hyoutauros,Caesar Clown,1
768,Kirintauros,Caesar Clown,1
957,Monet,Caesar Clown,1
1215,Lun,Caesar Clown,1
1261,Yeti Cool Brothers,Caesar Clown,1
1317,Smiley,Caesar Clown,1
1319,Smoothy,Caesar Clown,1
2095,Boxer,Wapol,1
3183,Bartholomew Kuma,Pacifista,1
4331,S-Bear,Pacifista,1
4332,S-Hawk,Pacifista,1
4333,S-Shark,Pacifista,1
4334,S-Snake,Pacifista,1
4992,Crocus,Laboon,1
6268,,Guardians,1
6320,,Guardians,1
6321,,Guardians,1
6330,,Guardians,1
6333,BBBB,Guardians,1
6352,,Guardians,1
6507,,Guardians,1
6545,,Guardians,1
6552,,Guardians,1
6553,,Guardians,1
6621,,Guardians,1
6627,,Guardians,1
6660,,Guardians,1
6708,,Guardians,1
6729,,Guardians,1
6767,,Guardians,1
6772,,Guardians,1
6776,,Guardians,1
6882,,Guardians,1
6900,,Guardians,1
6965,,Guardians,1
6987,,Guardians,1
7012,,Guardians,1
7059,,Guardians,1
7065,,Guardians,1
7110,,Guardians,1
7140,Milky,Guardians,1
7220,,Guardians,1
7248,Nekomamushi,Guardians,1
7276,,Guardians,1
7323,Pedro,Guardians,1
7354,,Guardians,1
7367,,Guardians,1
7413,,Guardians,1
7414,,Guardians,1
7417,Roddy,Guardians,1
7434,,Guardians,1
7456,,Guardians,1
7496,,Guardians,1
7531,,Guardians,1
7536,,Guardians,1
7568,,Guardians,1
7601,,Guardians,1
7675,,Guardians,1
7677,,Guardians,1
7711,,Guardians,1
7728,,Guardians,1
7751,,Guardians,1
8557,Comane,Lulusia Kingdom,1
10434,Pekkori,Harahettania,1
12398,X. Drake,Drake Pirates,1
12624,Cavendish,Bourgeois Kingdom,1
15127,Portgaz D. Rouge,Portgas D. Ace,1
16360,Kureha,Isshi-100,1
17702,Dr. Hou,Nefertari Family,1
17970,Maidy,Nefertari Family,1
18128,Nefeltari D. Lily,Nefertari Family,1
18130,Nefeltari Vivi,Nefertari Family,1
18661,Abdullah,Ideo Pirates,1
18780,Blue Gilly,Ideo Pirates,1
19290,Ideo,Ideo Pirates,1
19336,Jet,Ideo Pirates,1
20536,Cosmo,Automata,1
20629,Eneru,Automata,1
20680,Galaxy,Automata,1
21072,Macro,Automata,1
21073,Macro,Automata,1
21543,Spacey,Automata,1
22373,Michael,Aunt,1
22684,Michael,Aunt,1
23339,Aisa,Shandia,1
23466,Braham,Shandia,1
23616,Chiya,Shandia,1
23631,Coburn,Shandia,1
23810,Genbou,Shandia,1
23900,Herb,Shandia,1
23971,Isa,Shandia,1
24045,KalgaraCalgaraKalgala,Shandia,1
24047,Kamakiri,Shandia,1
24061,Kashigami,Shandia,1
24230,Mayushka,Shandia,1
24308,Musse,Shandia,1
24377,Nola,Shandia,1
24483,Raki,Shandia,1
24599,Seto,Shandia,1
24605,Shandia Chief,Shandia,1
24824,Warashi,Shandia,1
24837,Wyper,Shandia,1
24860,Yotsubane,Shandia,1
24928,,Tontatta Kingdom,1
24962,Baxcon,Tontatta Kingdom,1
24977,Bian,Tontatta Kingdom,1
24980,,Tontatta Kingdom,1
24981,,Tontatta Kingdom,1
24990,,Tontatta Kingdom,1
25010,Bobomba,Tontatta Kingdom,1
25012,,Tontatta Kingdom,1
25013,Bomba,Tontatta Kingdom,1
25072,Chao,Tontatta Kingdom,1
25167,,Tontatta Kingdom,1
25203,Cotton,Tontatta Kingdom,1
25205,,Tontatta Kingdom,1
25212,,Tontatta Kingdom,1
25213,,Tontatta Kingdom,1
25220,Daikon,Tontatta Kingdom,1
25281,,Tontatta Kingdom,1
25287,,Tontatta Kingdom,1
25316,Flapper,Tontatta Kingdom,1
25320,,Tontatta Kingdom,1
25368,,Tontatta Kingdom,1
25389,,Tontatta Kingdom,1
25406,Grabba,Tontatta Kingdom,1
25427,,Tontatta Kingdom,1
25432,,Tontatta Kingdom,1
25436,,Tontatta Kingdom,1
25519,Inhel,Tontatta Kingdom,1
25542,,Tontatta Kingdom,1
25560,,Tontatta Kingdom,1
25588,Cub,Tontatta Kingdom,1
25625,,Tontatta Kingdom,1
25647,,Tontatta Kingdom,1
25672,,Tontatta Kingdom,1
25717,Leo,Tontatta Kingdom,1
25719,,Tontatta Kingdom,1
25725,,Tontatta Kingdom,1
25754,Mancherie,Tontatta Kingdom,1
25770,,Tontatta Kingdom,1
25782,Mouji,Tontatta Kingdom,1
25880,,Tontatta Kingdom,1
25936,,Tontatta Kingdom,1
25937,Nubon,Tontatta Kingdom,1
25987,Pellini,Tontatta Kingdom,1
26014,,Tontatta Kingdom,1
26027,,Tontatta Kingdom,1
26044,Rampo,Tontatta Kingdom,1
26073,,Tontatta Kingdom,1
26074,,Tontatta Kingdom,1
26094,,Tontatta Kingdom,1
26116,,Tontatta Kingdom,1
26156,,Tontatta Kingdom,1
26191,,Tontatta Kingdom,1
26196,,Tontatta Kingdom,1
26228,,Tontatta Kingdom,1
26261,,Tontatta Kingdom,1
26335,,Tontatta Kingdom,1
26337,,Tontatta Kingdom,1
26371,,Tontatta Kingdom,1
26387,Wicca,Tontatta Kingdom,1
26388,,Tontatta Kingdom,1
26411,,Tontatta Kingdom,1
27060,Yves,Doerena Kingdom,1
28083,Benn Beckman,Red Hair Pirates,1
28125,Bonk Punch,Red Hair Pirates,1
28147,Building Snake,Red Hair Pirates,1
28437,Fugar,Red Hair Pirates,1
28450,Gabu,Red Hair Pirates,1
28481,Ribbitini,Red Hair Pirates,1
28598,Hongo,Red Hair Pirates,1
28831,Lime Juice,Red Hair Pirates,1
28832,Linaria,Red Hair Pirates,1
28843,Lucky Roux,Red Hair Pirates,1
28953,Monster,Red Hair Pirates,1
29062,Crone Oli,Red Hair Pirates,1
29132,Pururu,Red Hair Pirates,1
29186,Rockstar,Red Hair Pirates,1
29271,Shanks,Red Hair Pirates,1
29453,Uta,Red Hair Pirates,1
29512,Yasopp,Red Hair Pirates,1
30992,Umit,Umit Shipping,1
31249,Brook,Rumbar Pirates,1
31928,Laboon,Rumbar Pirates,1
32046,Mizuuta Madaisky,Rumbar Pirates,1
32047,Mizuuta Mawaritosky,Rumbar Pirates,1
32632,Yorki,Rumbar Pirates,1
33690,Nezumi,16th Branch,1
35077,Makino,Foosha Village,1
35721,Woop Slap,Foosha Village,1
35806,Aruyutayan V,Lvneel Kingdom,1
36730,Mont Blanc Noland,Lvneel Kingdom,1
38243,Minatomo,Easter Egg,1
38244,Minatomo,Easter Egg,1
38408,Panda Woman,Easter Egg,1
38555,Sam,Easter Egg,1
38727,Tomato Gang,Easter Egg,1
38769,Yurusumaji Mask,Easter Egg,1
40017,Pururu,Bourgeois Pirates,1
40434,Adelle,Coral Hill,1
40862,Fiyonce,Coral Hill,1
41022,Hiramela,Coral Hill,1
41079,Ishilly,Coral Hill,1
42436,Fukaboshi,Neptune Family,1
42855,Mamboshi,Neptune Family,1
43016,Neptune,Neptune Family,1
43065,Otohime,Neptune Family,1
43203,Ryuboshi,Neptune Family,1
43288,Shirahoshi,Neptune Family,1
44171,Igaram,Arabasta,1
44931,Terracotta,Arabasta,1
45143,,Levely,1
45156,Ban Dedessinée,Levely,1
45195,,Levely,1
45196,,Levely,1
45205,,Levely,1
45227,,Levely,1
45283,Cezar,Levely,1
45288,Chap,Levely,1
45382,,Levely,1
45419,Couran,Levely,1
45420,,Levely,1
45427,,Levely,1
45428,,Levely,1
45496,,Levely,1
45502,,Levely,1
45535,,Levely,1
45553,Furrari,Levely,1
45583,,Levely,1
45604,,Levely,1
45642,,Levely,1
45647,,Levely,1
45651,,Levely,1
45751,Iwatobi,Levely,1
45757,,Levely,1
45770,Jeep,Levely,1
45775,,Levely,1
45840,,Levely,1
45862,,Levely,1
45887,,Levely,1
45931,Lemoncheese,Levely,1
45934,,Levely,1
45940,,Levely,1
45974,Mari,Levely,1
45985,,Levely,1
46063,Moqueca,Levely,1
46095,,Levely,1
46113,Nashi,Levely,1
46121,Neggy,Levely,1
46151,,Levely,1
46229,,Levely,1
46242,,Levely,1
46288,,Levely,1
46289,,Levely,1
46309,,Levely,1
46331,,Levely,1
46349,Sauce,Levely,1
46363,Seki,Levely,1
46371,,Levely,1
46406,,Levely,1
46411,,Levely,1
46443,,Levely,1
46446,Stroganoff,Levely,1
46476,,Levely,1
46482,Tea IV,Levely,1
46520,Tritobu,Levely,1
46550,,Levely,1
46552,,Levely,1
46586,,Levely,1
46599,Wheel,Levely,1
46603,,Levely,1
46626,,Levely,1
46689,Kicking Claw Force,Arabasta Kingdom,1
46721,Kicking Claw Force,Arabasta Kingdom,1
46792,Kicking Claw Force,Arabasta Kingdom,1
46841,Chaka,Arabasta Kingdom,1
47270,Kicking Claw Force,Arabasta Kingdom,1
47447,Koza,Arabasta Kingdom,1
47672,Nefeltari Cobra,Arabasta Kingdom,1
47673,Nefeltari D. Lily,Arabasta Kingdom,1
47674,Nefeltari Titi,Arabasta Kingdom,1
47675,Nefeltari Vivi,Arabasta Kingdom,1
47756,Pell,Arabasta Kingdom,1
49681,Victoria Cindry,Hogback,1
49808,,Yes Pirates,1
49860,,Yes Pirates,1
49861,,Yes Pirates,1
49870,,Yes Pirates,1
49892,,Yes Pirates,1
50047,,Yes Pirates,1
50085,,Yes Pirates,1
50092,,Yes Pirates,1
50093,,Yes Pirates,1
50161,,Yes Pirates,1
50167,,Yes Pirates,1
50200,,Yes Pirates,1
50248,,Yes Pirates,1
50269,,Yes Pirates,1
50307,,Yes Pirates,1
50312,,Yes Pirates,1
50316,,Yes Pirates,1
50422,,Yes Pirates,1
50440,,Yes Pirates,1
50505,,Yes Pirates,1
50527,,Yes Pirates,1
50552,,Yes Pirates,1
50558,Koze,Yes Pirates,1
50599,,Yes Pirates,1
50605,,Yes Pirates,1
50650,,Yes Pirates,1
50760,,Yes Pirates,1
50816,,Yes Pirates,1
50843,Packy,Yes Pirates,1
50894,,Yes Pirates,1
50907,,Yes Pirates,1
50953,,Yes Pirates,1
50954,,Yes Pirates,1
50974,,Yes Pirates,1
50996,,Yes Pirates,1
51036,,Yes Pirates,1
51071,,Yes Pirates,1
51076,,Yes Pirates,1
51108,,Yes Pirates,1
51141,,Yes Pirates,1
51215,,Yes Pirates,1
51217,,Yes Pirates,1
51251,,Yes Pirates,1
51268,,Yes Pirates,1
51291,,Yes Pirates,1
51316,Abdullah,Straw Hat Grand Fleet,1
51363,,Straw Hat Grand Fleet,1
51372,Baby Five,Straw Hat Grand Fleet,1
51389,Bartolomeo,Straw Hat Grand Fleet,1
51397,Baxcon,Straw Hat Grand Fleet,1
51412,Bian,Straw Hat Grand Fleet,1
51415,,Straw Hat Grand Fleet,1
51416,,Straw Hat Grand Fleet,1
51425,,Straw Hat Grand Fleet,1
51435,Blue Gilly,Straw Hat Grand Fleet,1
51445,Bobomba,Straw Hat Grand Fleet,1
51447,,Straw Hat Grand Fleet,1
51448,Bomba,Straw Hat Grand Fleet,1
51451,Boo,Straw Hat Grand Fleet,1
51464,Brook,Straw Hat Grand Fleet,1
51499,Cavendish,Straw Hat Grand Fleet,1
51602,,Straw Hat Grand Fleet,1
51604,Qing Jiao,Straw Hat Grand Fleet,1
51626,Columbus,Straw Hat Grand Fleet,1
51638,Cotton,Straw Hat Grand Fleet,1
51640,,Straw Hat Grand Fleet,1
51647,,Straw Hat Grand Fleet,1
51648,,Straw Hat Grand Fleet,1
51655,Daikon,Straw Hat Grand Fleet,1
51716,,Straw Hat Grand Fleet,1
51722,,Straw Hat Grand Fleet,1
51742,Farul,Straw Hat Grand Fleet,1
51751,Flapper,Straw Hat Grand Fleet,1
51755,,Straw Hat Grand Fleet,1
51760,Franky,Straw Hat Grand Fleet,1
51784,Gambia,Straw Hat Grand Fleet,1
51803,,Straw Hat Grand Fleet,1
51805,Gerd,Straw Hat Grand Fleet,1
51824,,Straw Hat Grand Fleet,1
51830,Goldberg,Straw Hat Grand Fleet,1
51854,Hajrudin,Straw Hat Grand Fleet,1
51862,,Straw Hat Grand Fleet,1
51867,,Straw Hat Grand Fleet,1
51871,,Straw Hat Grand Fleet,1
51945,Ideo,Straw Hat Grand Fleet,1
51954,Inhel,Straw Hat Grand Fleet,1
51977,,Straw Hat Grand Fleet,1
51991,Jet,Straw Hat Grand Fleet,1
51995,,Straw Hat Grand Fleet,1
52002,Jinbe,Straw Hat Grand Fleet,1
52023,Cub,Straw Hat Grand Fleet,1
52060,,Straw Hat Grand Fleet,1
52082,,Straw Hat Grand Fleet,1
52107,,Straw Hat Grand Fleet,1
52152,Leo,Straw Hat Grand Fleet,1
52154,,Straw Hat Grand Fleet,1
52160,,Straw Hat Grand Fleet,1
52205,,Straw Hat Grand Fleet,1
52217,Mouji,Straw Hat Grand Fleet,1
52277,Monkey D. Luffy,Straw Hat Grand Fleet,1
52315,,Straw Hat Grand Fleet,1
52327,Nami,Straw Hat Grand Fleet,1
52352,Nico Robin,Straw Hat Grand Fleet,1
52371,,Straw Hat Grand Fleet,1
52372,Nubon,Straw Hat Grand Fleet,1
52393,Olombus,Straw Hat Grand Fleet,1
52422,Pellini,Straw Hat Grand Fleet,1
52449,,Straw Hat Grand Fleet,1
52462,,Straw Hat Grand Fleet,1
52479,Rampo,Straw Hat Grand Fleet,1
52504,Rodo,Straw Hat Grand Fleet,1
52508,,Straw Hat Grand Fleet,1
52509,,Straw Hat Grand Fleet,1
52520,Roronoa Zoro,Straw Hat Grand Fleet,1
52529,,Straw Hat Grand Fleet,1
52543,Sai,Straw Hat Grand Fleet,1
52551,,Straw Hat Grand Fleet,1
52555,Sanji,Straw Hat Grand Fleet,1
52591,,Straw Hat Grand Fleet,1
52626,,Straw Hat Grand Fleet,1
52631,,Straw Hat Grand Fleet,1
52658,Stansen,Straw Hat Grand Fleet,1
52663,,Straw Hat Grand Fleet,1
52677,Suleiman,Straw Hat Grand Fleet,1
52696,,Straw Hat Grand Fleet,1
52727,Tony Tony Chopper,Straw Hat Grand Fleet,1
52770,,Straw Hat Grand Fleet,1
52772,,Straw Hat Grand Fleet,1
52777,Usopp,Straw Hat Grand Fleet,1
52806,,Straw Hat Grand Fleet,1
52822,Wicca,Straw Hat Grand Fleet,1
52823,,Straw Hat Grand Fleet,1
52846,,Straw Hat Grand Fleet,1
54307,Tyrannosaurus,Iceburg,1
54479,Babanuki,Tama,1
54762,Daifugo,Tama,1
54906,Gazelle-Man,Tama,1
55547,Poker,Tama,1
56342,Earth Boss,Gedatsu,1
56419,Forest Boss,Gedatsu,1
59001,Uzuki Namida,Uzuki Family,1
59002,Uzuki Tempura,Uzuki Family,1
60604,Yama,Enel,1
61009,Disco,Human Auctioning House,1
62661,Gaburu,wikipedia:Help:Japanese,1
64200,Franky,Tom's Workers,1
64381,Iceberg,Tom's Workers,1
64534,Kokoro,Tom's Workers,1
65160,Tom,Tom's Workers,1
65282,Yokozuna,Tom's Workers,1
65341,Ange,Walrus School,1
65404,Bent,Walrus School,1
65421,Bjorn,Walrus School,1
65424,Blade,Walrus School,1
65975,Jaguar D. Saul,Walrus School,1
66000,Johanna,Walrus School,1
66040,Karin,Walrus School,1
66059,Tusk,Walrus School,1
66170,Mag,Walrus School,1
66381,Olav,Walrus School,1
66493,Ripley,Walrus School,1
66512,Ronja,Walrus School,1
66624,Skaldi,Walrus School,1
66820,Wolf,Walrus School,1
66835,Ylva,Walrus School,1
67043,Carmel,Underworld,1
67245,Don Quixote Doflamingo,Underworld,1
67262,Drug Peclo,Underworld,1
67357,Giberson,Underworld,1
67551,Jigra,Underworld,1
67719,Du Feld,Underworld,1
67835,Morgans,Underworld,1
68218,Stussy,Underworld,1
68227,Suleiman,Underworld,1
68312,Umit,Underworld,1
68575,Buggy,Four Emperors,1
68659,Charlotte Linlin,Four Emperors,1
68822,Edward Newgate,Four Emperors,1
69132,Kaido,Four Emperors,1
69307,Marshall D. Teech,Four Emperors,1
69382,Monkey D. Luffy,Four Emperors,1
69701,Shanks,Four Emperors,1
70398,St. Ethanbaron V. Nusjuro,World Noble,1
70405,Saint Figarland Garling,World Noble,1
70406,Saint Figarland Shamrock,World Noble,1
70645,St. Jaygarcia Saturn,World Noble,1
70848,Saint Manmayer Gunko,World Noble,1
70851,St. Marcus Mars,World Noble,1
71155,Saint Rimoshifu Killingham,World Noble,1
71227,Saint Satchels Maffey,World Noble,1
71256,Shanks,World Noble,1
71260,St. Shepherd Ju Peter,World Noble,1
71261,Saint Shepherd Sommers,World Noble,1
71389,St. Topman Warcury,World Noble,1
71554,Alvida,Cross Guild,1
71685,Buggy,Cross Guild,1
71695,Cabaji,Cross Guild,1
71856,Crocodile,Cross Guild,1
71878,Daz Bonez,Cross Guild,1
71921,Dracule Mihawk,Cross Guild,1
71996,Galdino,Cross Guild,1
72483,Mohji,Cross Guild,1
72707,Richy,Cross Guild,1
73142,Baby Five,Happo Navy,1
73221,Boo,Happo Navy,1
73374,Qing Jiao,Happo Navy,1
74248,Ramen,Happo Navy,1
74313,Sai,Happo Navy,1
74762,Bluejam,Bluejam Pirates,1
75769,Porchemy,Bluejam Pirates,1
76888,Johnny,Roronoa Zoro,1
77728,Yosaku,Roronoa Zoro,1
77873,Blueno,CP0,1
78204,Fukurô,CP0,1
78206,Funkfreed,CP0,1
78256,Gismonda,CP0,1
78279,Guernica,CP0,1
78317,Hattori,CP0,1
78410,Jabra,CP0,1
78447,Joseph,CP0,1
78466,Kaku,CP0,1
78467,Kaku,CP0,1
78471,Kalifa,CP0,1
78552,Kumadori,CP0,1
78614,Maha,CP0,1
78940,Rob Lucci,CP0,1
79079,Spandam,CP0,1
79103,Stussy,CP0,1
79446,Braham,God's Guards,1
79790,Genbou,God's Guards,1
80027,Kamakiri,God's Guards,1
80212,McKinley,God's Guards,1
80817,Wyper,God's Guards,1
80917,Baby Five,Donquixote Pirates,1
80950,Bellamy,Donquixote Pirates,1
81014,Buffalo,Donquixote Pirates,1
81026,Caesar Clown,Donquixote Pirates,1
81212,Dellinger,Donquixote Pirates,1
81218,Diamante,Donquixote Pirates,1
81240,Don Quixote Doflamingo,Donquixote Pirates,1
81243,Don Quixote Rocinante,Donquixote Pirates,1
81363,Giolla,Donquixote Pirates,1
81367,Gladius,Donquixote Pirates,1
81485,Yves,Donquixote Pirates,1
81685,Kuween,Donquixote Pirates,1
81693,Lao G,Donquixote Pirates,1
81716,Machvise,Donquixote Pirates,1
81817,Monet,Donquixote Pirates,1
81973,Pica,Donquixote Pirates,1
82131,Señor Pink,Donquixote Pirates,1
82216,Sugar,Donquixote Pirates,1
82281,Trafalgar D. Water Law,Donquixote Pirates,1
82283,Trebol,Donquixote Pirates,1
82334,Vergo,Donquixote Pirates,1
82345,Viola,Donquixote Pirates,1
83227,Kurokoma,Kurokoma Family,1
84270,Chouchou,Hocker,1
86367,Linaria,Night Butterfly Pirates,1
88409,Spandam,CP5,1
89979,Stealth Black,Germa 66,1
90114,Vinsmoke Ichiji,Germa 66,1
90115,Vinsmoke Judge,Germa 66,1
90116,Vinsmoke Niji,Germa 66,1
90117,Vinsmoke Reiju,Germa 66,1
90119,Vinsmoke Yonji,Germa 66,1
90313,Blueno,CP9,1
90644,Fukurô,CP9,1
90646,Funkfreed,CP9,1
90757,Hattori,CP9,1
90850,Jabra,CP9,1
90906,Kaku,CP9,1
90907,Kaku,CP9,1
90911,Kalifa,CP9,1
90992,Kumadori,CP9,1
91024,Lasky,CP9,1
91223,Nero,CP9,1
91380,Rob Lucci,CP9,1
91519,Spandam,CP9,1
91520,Spandine,CP9,1
91619,Tsumonsieur Kamaya,CP9,1
91696,Who's-Who,CP9,1
91783,Arlong,Impel Down,1
91796,Avalo Pizarro,Impel Down,1
91822,Basilisk,Impel Down,1
91840,Bentham,Impel Down,1
91900,Buggy,Impel Down,1
91927,Catarina Devon,Impel Down,1
92071,Crocodile,Impel Down,1
92120,Domino,Impel Down,1
92125,Don Quixote Doflamingo,Impel Down,1
92158,Emporio Ivankov,Impel Down,1
92189,Francois,Impel Down,1
92298,Hannyabal,Impel Down,1
92381,Inazuma,Impel Down,1
92432,Jinbe,Impel Down,1
92606,Magellan,Impel Down,1
92672,Minochihuahua,Impel Down,1
92673,Minokoala,Impel Down,1
92674,Minorhinoceros,Impel Down,1
92676,Minotaur,Impel Down,1
92677,Minozebra,Impel Down,1
92707,Monkey D. Luffy,Impel Down,1
92747,Notta Magician,Impel Down,1
92876,Portgas D. Ace,Impel Down,1
92972,Sadie,Impel Down,1
92978,Saldeath,Impel Down,1
92986,San Juan Wolf,Impel Down,1
93032,Shiki,Impel Down,1
93049,Shiryu,Impel Down,1
93081,Sphinx,Impel Down,1
93176,Antlerkov,Impel Down,1
93204,Bunkov,Impel Down,1
93216,Vasco Shot,Impel Down,1
93376,Basil Hawkins,Hawkins Pirates,1
93728,Faust,Hawkins Pirates,1
95166,Columbus,Yonta Maria Grand Fleet,1
95933,Olombus,Yonta Maria Grand Fleet,1
97031,Hyogoro,Hyougoro Family,1
97778,Otaka,Hyougoro Family,1
99203,Thanklin,Brook,1
99957,Flair,Gérard,1
103003,Doll,G-14,1
103430,Kujaku,G-14,1
103767,Prince Grus,G-14,1
105612,Tsugaru Umi,Nico Robin,1
106810,Ryce,Hokahoka Pirates,1
108329,St. Imu,Nerona Family,1
109042,Chao,SMILE Factory,1
110574,Camel,Kuzan,1
112451,Ribbitini,Puddle Pirates,1
114638,Polo Gram,Polo Pirates,1
115084,Aisa,Wagomuland,1
115096,Amazon,Wagomuland,1
116122,Nola,Wagomuland,1
116699,Bartolomeo,Barto Club,1
117094,Gambia,Barto Club,1
119535,Warazane,Raijin,1
119680,Warazane,Raijin,1
120066,D.R.,Cyrano,1
121334,Ashura Doji,Mt. Atama Thieves,1
121897,Home,Mt. Atama Thieves,1
123541,Jorul,Elbaph,1
123693,Loki,Elbaph,1
123999,Ragnir,Elbaph,1
124595,Charlotte Akimeg,Charlotte Decuplets,1
124596,Charlotte Allmeg,Charlotte Decuplets,1
124627,Charlotte Fuyumeg,Charlotte Decuplets,1
124631,Charlotte Harumeg,Charlotte Decuplets,1
124658,Charlotte Newshi,Charlotte Decuplets,1
124663,Charlotte Nutmeg,Charlotte Decuplets,1
126311,Denjiro,Kyoshiro Family,1
126671,Kaku,Kyoshiro Family,1
126672,Kaku,Kyoshiro Family,1
126763,Kuni,Kyoshiro Family,1
127314,Suke,Kyoshiro Family,1
128711,Rolling Logan,Majiatsuka Kingdom,1
130303,Thanklin,Longarm Tribe,1
131019,Duval,Rosy Life Riders,1
131596,Motobaro,Rosy Life Riders,1
132415,Charlotte Lola,Rolling Pirates,1
133361,Risky Brothers,Rolling Pirates,1
133362,Risky Brothers,Rolling Pirates,1
134123,Dragon Number Twenty-One,Vegapunk,1
134639,Mecha-Shark,Vegapunk,1
134902,Recycollie,Vegapunk,1
135083,Stussy,Vegapunk,1
136176,Masira,Saruyama Alliance,1
136249,Mont Blanc Cricket,Saruyama Alliance,1
136591,Shojoe,Saruyama Alliance,1
137170,Shirano,D.R.,1
139031,Inazuma,Newkama Land,1
140588,Indigo,Golden Lion Pirates,1
140962,Nami,Golden Lion Pirates,1
141237,Shiki,Golden Lion Pirates,1
142933,Tsukimi,Moon,1
143348,Chimney,Kokoro,1
144805,Browndros BeardriguezChadros Higelyges,Brownbeard Pirates,1
146274,Birdy,Poseidon,1
146690,Googly,Poseidon,1
147147,Spots,Poseidon,1
147425,Scales,Poseidon,1
147583,Topknot,Poseidon,1
147618,Chin,Poseidon,1
148864,Purinpurin,77th Branch,1
149330,Attach,World Economy News Paper,1
149937,Yuwana Myclose,World Economy News Paper,1
150250,Morgans,World Economy News Paper,1
152253,Tu-tu,Koza,1
152808,Eric,Operation Utopia,1
153133,Kebi,Operation Utopia,1
153187,Koza,Operation Utopia,1
153387,Mr. Love,Operation Utopia,1
153409,Natto,Operation Utopia,1
153459,Okame,Operation Utopia,1
154279,Dagama,Prodence Kingdom,1
154354,Elizabero II,Prodence Kingdom,1
156973,Dr. Vegapunk,SSG,1
157295,Charlotte Lola,Thriller Bark Victim's Association,1
158241,Risky Brothers,Thriller Bark Victim's Association,1
158242,Risky Brothers,Thriller Bark Victim's Association,1
158394,Spoil,Thriller Bark Victim's Association,1
158612,Absalom,Thriller Bark Pirates,1
158677,"Gyoro, Nin, Bao",Thriller Bark Pirates,1
158766,Oinkchuck,Thriller Bark Pirates,1
158796,Cerberus,Thriller Bark Pirates,1
158797,Cerberus,Thriller Bark Pirates,1
159086,Ganzui,Thriller Bark Pirates,1
159092,Gecko Moria,Thriller Bark Pirates,1
159104,Gill Bastar,Thriller Bark Pirates,1
159144,Gyoro,Thriller Bark Pirates,1
159193,Hildon,Thriller Bark Pirates,1
159201,Hippo Gallant,Thriller Bark Pirates,1
159212,Hogback,Thriller Bark Pirates,1
159295,Jigoro,Thriller Bark Pirates,1
159301,John,Thriller Bark Pirates,1
159417,Kumacy,Thriller Bark Pirates,1
159459,Lola,Thriller Bark Pirates,1
159559,McTreenald,Thriller Bark Pirates,1
159652,"Gyoro, Nin, Bao",Thriller Bark Pirates,1
159672,Oars,Thriller Bark Pirates,1
159720,Perona,Thriller Bark Pirates,1
159796,Risky Brothers,Thriller Bark Pirates,1
159797,Risky Brothers,Thriller Bark Pirates,1
159829,Ryuma,Thriller Bark Pirates,1
159992,Tararan,Thriller Bark Pirates,1
160061,Unigaro,Thriller Bark Pirates,1
160086,Victoria Cindry,Thriller Bark Pirates,1
161047,Marie,Charlos,1
161758,Arlong,Arlong Pirates,1
162004,Choo,Arlong Pirates,1
162285,Hatchan,Arlong Pirates,1
162446,Kaneshiro,Arlong Pirates,1
162534,Kuroobi,Arlong Pirates,1
162675,Momoo,Arlong Pirates,1
162732,Nami,Arlong Pirates,1
162840,Pisaro,Arlong Pirates,1
163022,Saltgrill,Arlong Pirates,1
163093,Take,Arlong Pirates,1
164351,Onimaru,Kawamatsu,1
165125,Choco-Police,Cacao Island,1
165875,Nitro,Cacao Island,1
165982,Rabiyan,Cacao Island,1
166396,Dumas Regal IX,Goa Kingdom,1
166397,Dumas Fayes,Goa Kingdom,1
166744,Didit,Goa Kingdom,1
167611,Sabo,Goa Kingdom,1
167632,Sally Isntoinette,Goa Kingdom,1
167964,Alvida,Alvida Pirates,1
168511,Heppoko,Alvida Pirates,1
168714,Coby,Alvida Pirates,1
169049,Peppoko,Alvida Pirates,1
169066,Poppoko,Alvida Pirates,1
170138,Inuppe,Thriller Bark,1
171600,Hanger,Loguetown,1
171694,Ipponmatsu,Loguetown,1
171695,Ippon Ume,Loguetown,1
172368,Smoker,Loguetown,1
172435,Tashigi,Loguetown,1
173400,Kozuki Toki,Amatsuki Family,1
174441,Chess,Bliking Pirates,1
174443,Chessmarimo,Bliking Pirates,1
174973,Kuromarimo,Bliking Pirates,1
175351,Robson,Bliking Pirates,1
175658,Wapol,Bliking Pirates,1
175763,,Tonta Corps,1
175815,,Tonta Corps,1
175816,,Tonta Corps,1
175825,,Tonta Corps,1
175847,,Tonta Corps,1
176002,,Tonta Corps,1
176040,,Tonta Corps,1
176047,,Tonta Corps,1
176048,,Tonta Corps,1
176116,,Tonta Corps,1
176122,,Tonta Corps,1
176151,Flapper,Tonta Corps,1
176155,,Tonta Corps,1
176203,,Tonta Corps,1
176224,,Tonta Corps,1
176262,,Tonta Corps,1
176267,,Tonta Corps,1
176271,,Tonta Corps,1
176377,,Tonta Corps,1
176395,,Tonta Corps,1
176460,,Tonta Corps,1
176482,,Tonta Corps,1
176507,,Tonta Corps,1
176554,,Tonta Corps,1
176560,,Tonta Corps,1
176605,,Tonta Corps,1
176715,,Tonta Corps,1
176771,,Tonta Corps,1
176772,Nubon,Tonta Corps,1
176849,,Tonta Corps,1
176862,,Tonta Corps,1
176908,,Tonta Corps,1
176909,,Tonta Corps,1
176929,,Tonta Corps,1
176951,,Tonta Corps,1
176991,,Tonta Corps,1
177026,,Tonta Corps,1
177031,,Tonta Corps,1
177063,,Tonta Corps,1
177096,,Tonta Corps,1
177170,,Tonta Corps,1
177172,,Tonta Corps,1
177206,,Tonta Corps,1
177223,,Tonta Corps,1
177246,,Tonta Corps,1
178424,Ragnir,Loki,1
180102,Shakuyaku,Shakky's Rip-off Bar,1
180518,Boogie,Kid Pirates,1
180530,Bubblegum,Kid Pirates,1
180693,Compo,Kid Pirates,1
180743,Disc J,Kid Pirates,1
180745,Dive,Kid Pirates,1
180792,Emma,Kid Pirates,1
180805,Eustass Kid,Kid Pirates,1
180873,Gig,Kid Pirates,1
180949,Heat,Kid Pirates,1
180968,Hip,Kid Pirates,1
180990,Hop,Kid Pirates,1
180996,House,Kid Pirates,1
181044,Jagger,Kid Pirates,1
181137,Killer,Kid Pirates,1
181328,Moai,Kid Pirates,1
181355,Mosh,Kid Pirates,1
181473,Papas,Kid Pirates,1
181504,Pomp,Kid Pirates,1
181530,Quincy,Kid Pirates,1
181551,Reck,Kid Pirates,1
181822,UK,Kid Pirates,1
181889,Wire,Kid Pirates,1
182759,Kyros,Riku Family,1
183114,Riku Doldo III,Riku Family,1
183191,Scarlet,Riku Family,1
183314,Tank Lepant,Riku Family,1
183420,Viola,Riku Family,1
184174,Jigokukamabuta Megatenpanchiro,Shimotsuki Family,1
184566,Onimaru,Shimotsuki Family,1
184695,Roronoa Zoro,Shimotsuki Family,1
184780,Shimotsuki Koshiro,Shimotsuki Family,1
184781,Shimotsuki Kozaburo,Shimotsuki Family,1
184782,Shimotsuki Kuina,Shimotsuki Family,1
184783,Shimotsuki Ryuma,Shimotsuki Family,1
184894,Toko,Shimotsuki Family,1
185052,Aggie 68,Spade Pirates,1
185110,Banshee,Spade Pirates,1
185117,Barry,Spade Pirates,1
185364,Cornelia,Spade Pirates,1
185416,Dogya,Spade Pirates,1
185443,Ducky Bree,Spade Pirates,1
185478,Finamore,Spade Pirates,1
185519,Ganryu,Spade Pirates,1
185520,Ganryu,Spade Pirates,1
185662,Hublot,Spade Pirates,1
185803,Kimel,Spade Pirates,1
185832,Kotatsu,Spade Pirates,1
185846,Kukai,Spade Pirates,1
185883,Leonero,Spade Pirates,1
185937,Masked Deuce,Spade Pirates,1
185960,Mihal,Spade Pirates,1
186124,Ossamond,Spade Pirates,1
186176,Portgas D. Ace,Spade Pirates,1
186270,Saber,Spade Pirates,1
186360,Skull,Spade Pirates,1
186537,Wallace,Spade Pirates,1
186777,Caribou,Caribou Pirates,1
186918,Coribou,Caribou Pirates,1
187555,Momoo,Caribou Pirates,1
188886,Karma,Takotopus Pirates,1
189400,Sarai,Takotopus Pirates,1
190674,Mont Blanc Cricket,Mont Blanc Family,1
190675,Mont Blanc Noland,Mont Blanc Family,1
191283,Aladdin,Ryugu Kingdom,1
191865,Hordy JonesHody Jones,Ryugu Kingdom,1
191866,Hoe,Ryugu Kingdom,1
191952,Jinbe,Ryugu Kingdom,1
192175,Megalo,Ryugu Kingdom,1
192190,Minister of the Left,Ryugu Kingdom,1
192191,Minister of the Right,Ryugu Kingdom,1
192296,Neptune,Ryugu Kingdom,1
192345,Otohime,Ryugu Kingdom,1
192568,Shirahoshi,Ryugu Kingdom,1
193307,Genzo,Cocoyasi Village,1
194945,Helmeppo,Marine Headquarters,1
196680,Kibagaeru,Fanged Toad Pirates,1
198731,Sarfunkel,Gaimon,1
199772,Karoo,Nefertari Vivi,1
201077,Gecko Moria,Gecko Pirates,1
202857,Junan,Criminal,1
203244,Pappagu,Criminal,1
204956,Sasaki,Beast Pirates,1
205211,Who's-Who,Beast Pirates,1
205308,,G-5,1
205320,Bazeko,G-5,1
205360,,G-5,1
205361,,G-5,1
205370,,G-5,1
205392,,G-5,1
205547,,G-5,1
205585,,G-5,1
205592,,G-5,1
205593,,G-5,1
205661,,G-5,1
205667,,G-5,1
205700,,G-5,1
205724,Gal,G-5,1
205748,,G-5,1
205769,,G-5,1
205807,,G-5,1
205812,,G-5,1
205816,,G-5,1
205922,,G-5,1
205938,Jero,G-5,1
205940,,G-5,1
206005,,G-5,1
206027,,G-5,1
206052,,G-5,1
206099,,G-5,1
206105,,G-5,1
206150,,G-5,1
206260,,G-5,1
206316,,G-5,1
206377,Pike,G-5,1
206394,,G-5,1
206407,,G-5,1
206453,,G-5,1
206454,,G-5,1
206474,,G-5,1
206496,,G-5,1
206536,,G-5,1
206571,,G-5,1
206576,,G-5,1
206578,Smoker,G-5,1
206608,,G-5,1
206641,,G-5,1
206645,Tashigi,G-5,1
206715,,G-5,1
206717,,G-5,1
206734,Vergo,G-5,1
206751,,G-5,1
206768,,G-5,1
206781,Yarisugi,G-5,1
206791,,G-5,1
206999,Cavendish,Beautiful Pirates,1
207242,Farul,Beautiful Pirates,1
208177,Suleiman,Beautiful Pirates,1
208495,Boa Hancock,Gorgon Sisters,1
208496,Boa Marigold,Gorgon Sisters,1
208497,Boa Sandersonia,Gorgon Sisters,1
209998,Bartholomew Kuma,Sorbet Kingdom,1
210012,Bekori,Sorbet Kingdom,1
210083,Bulldog,Sorbet Kingdom,1
211844,Disco,Donquixote Doflamingo,1
213125,Bellamy,Bellamy Pirates,1
213435,Eddy,Bellamy Pirates,1
213611,Hewitt,Bellamy Pirates,1
213875,Lily,Bellamy Pirates,1
213906,Mani,Bellamy Pirates,1
214043,Mjure,Bellamy Pirates,1
214223,Rivers,Bellamy Pirates,1
214242,Ross,Bellamy Pirates,1
214283,Sarquiss,Bellamy Pirates,1
215467,Margarita,Egana,1
216838,Johnny,Yosaku,1
217717,Akumai,Baroque Works,1
217755,Babe,Baroque Works,1
217762,Bunch,Baroque Works,1
217795,Bentham,Baroque Works,1
218026,Crocodile,Baroque Works,1
218048,Daz Bonez,Baroque Works,1
218096,Drophy,Baroque Works,1
218166,Galdino,Baroque Works,1
218184,Gem,Baroque Works,1
218331,Igaram,Baroque Works,1
218432,Karoo,Baroque Works,1
218535,Lassoo,Baroque Works,1
218581,Marianne,Baroque Works,1
218618,Mikita,Baroque Works,1
218635,Miss Katherina,Baroque Works,1
218636,Miss Father's Day,Baroque Works,1
218637,Miss Friday,Baroque Works,1
218638,Miss Monday,Baroque Works,1
218639,Ms. Mother's Day,Baroque Works,1
218640,Ms. Saturday,Baroque Works,1
218641,Ms. Thursday,Baroque Works,1
218642,Ms. Tuesday,Baroque Works,1
218688,Mr. 6,Baroque Works,1
218689,Mr. 7,Baroque Works,1
218690,Mr. 7,Baroque Works,1
218691,Mr. 9,Baroque Works,1
218692,Mr. 10,Baroque Works,1
218693,Mr. 11,Baroque Works,1
218694,Mr. 12,Baroque Works,1
218695,Mr. 13,Baroque Works,1
218696,Mr. Beans,Baroque Works,1
218697,Mr. Love,Baroque Works,1
218698,Mr. Melow,Baroque Works,1
218701,Mr. Shimizu,Baroque Works,1
218725,Nefeltari Vivi,Baroque Works,1
218737,Nico Robin,Baroque Works,1
219242,Zala,Baroque Works,1
220801,Zeff,Cook Pirates,1
222150,Squard,Maelstrom Spider Pirates,1
223860,Warney,Wanda,1
225172,Saint Satchels Maffey,Satchels Family,1
225626,Bouche,WCI 31,1
227205,Capone Pez,Charlotte Family,1
227225,Charlotte Akimeg,Charlotte Family,1
227226,Charlotte Allmeg,Charlotte Family,1
227227,Charlotte Amande,Charlotte Family,1
227228,Charlotte Anana,Charlotte Family,1
227229,Charlotte Angel,Charlotte Family,1
227230,Charlotte Anglaise,Charlotte Family,1
227231,Charlotte Basans,Charlotte Family,1
227232,Charlotte Bassquarte,Charlotte Family,1
227233,Charlotte Bavarois,Charlotte Family,1
227234,Charlotte Brownie,Charlotte Family,1
227235,Charlotte Broye,Charlotte Family,1
227236,Charlotte Brulee,Charlotte Family,1
227237,Charlotte Cabaletta,Charlotte Family,1
227238,Charlotte Cadenza,Charlotte Family,1
227239,Charlotte Chiboust,Charlotte Family,1
227240,Charlotte Chiffon,Charlotte Family,1
227241,Charlotte Cinnamon,Charlotte Family,1
227242,Charlotte Citron,Charlotte Family,1
227243,Charlotte Compo,Charlotte Family,1
227244,Charlotte Compote,Charlotte Family,1
227245,Charlotte Cornstarch,Charlotte Family,1
227246,Charlotte Counter,Charlotte Family,1
227247,Charlotte Cracker,Charlotte Family,1
227248,Charlotte Custard,Charlotte Family,1
227249,Charlotte Dacquoise,Charlotte Family,1
227250,Charlotte Daifuku,Charlotte Family,1
227251,Charlotte De-Chat,Charlotte Family,1
227252,Charlotte Dolce and Dragée,Charlotte Family,1
227253,Charlotte Dosmarche,Charlotte Family,1
227254,Charlotte Dolce and Dragée,Charlotte Family,1
227255,Charlotte Effiler,Charlotte Family,1
227256,Charlotte Flampe,Charlotte Family,1
227257,Charlotte Fuyumeg,Charlotte Family,1
227258,Charlotte Gala,Charlotte Family,1
227259,Charlotte Galette,Charlotte Family,1
227260,Charlotte Hachee,Charlotte Family,1
227261,Charlotte Harumeg,Charlotte Family,1
227262,Charlotte High-Fat,Charlotte Family,1
227263,Charlotte Joconde,Charlotte Family,1
227264,Charlotte Joscarpone,Charlotte Family,1
227265,Charlotte Kanten,Charlotte Family,1
227266,Charlotte Katakuri,Charlotte Family,1
227267,Kato,Charlotte Family,1
227268,Charlotte Laurin,Charlotte Family,1
227269,Charlotte Linlin,Charlotte Family,1
227270,Charlotte Lola,Charlotte Family,1
227271,Charlotte Maple,Charlotte Family,1
227272,Charlotte Marble,Charlotte Family,1
227273,Charlotte Marnier,Charlotte Family,1
227274,Charlotte Mascarpone,Charlotte Family,1
227275,Charlotte Mash,Charlotte Family,1
227276,Charlotte Melise,Charlotte Family,1
227277,Charlotte Mobile,Charlotte Family,1
227278,Charlotte Monder,Charlotte Family,1
227279,Charlotte Montd'OrCharlotte Mont-d'Or,Charlotte Family,1
227280,Charlotte Montb,Charlotte Family,1
227281,Charlotte Moscato,Charlotte Family,1
227282,Charlotte Mozart,Charlotte Family,1
227283,Charlotte Myukuru,Charlotte Family,1
227284,Decuplets,Charlotte Family,1
227285,Decuplets,Charlotte Family,1
227286,Decuplets,Charlotte Family,1
227287,Decuplets,Charlotte Family,1
227288,Charlotte Newshi,Charlotte Family,1
227289,Charlotte Noisette,Charlotte Family,1
227290,Charlotte Normande,Charlotte Family,1
227291,Charlotte Nougat,Charlotte Family,1
227292,Charlotte Nusstorte,Charlotte Family,1
227293,Charlotte Nutmeg,Charlotte Family,1
227294,Charlotte Opera,Charlotte Family,1
227295,Charlotte Oven,Charlotte Family,1
227296,Charlotte Panna,Charlotte Family,1
227297,Charlotte Perospero,Charlotte Family,1
227298,Charlotte Poire,Charlotte Family,1
227299,Charlotte Praline,Charlotte Family,1
227300,Charlotte Prim,Charlotte Family,1
227301,Charlotte Pudding,Charlotte Family,1
227302,Charlotte Raisin,Charlotte Family,1
227303,Charlotte Saintmarc,Charlotte Family,1
227304,Charlotte Smoothie,Charlotte Family,1
227305,Charlotte Snack,Charlotte Family,1
227306,Charlotte Tablet,Charlotte Family,1
227307,Charlotte Wafers,Charlotte Family,1
227308,Charlotte Uiro,Charlotte Family,1
227309,Charlotte Yuen,Charlotte Family,1
227310,Charlotte Zuccotto,Charlotte Family,1
227793,Kingbaum,Charlotte Family,1
228166,Pound,Charlotte Family,1
228690,Bishamon,Orochi Oniwabanshu,1
228884,Chome,Orochi Oniwabanshu,1
228924,Daikoku,Orochi Oniwabanshu,1
229035,Fujin,Orochi Oniwabanshu,1
229038,Fukurokuju,Orochi Oniwabanshu,1
229139,Hanzo,Orochi Oniwabanshu,1
229268,Jigoku-Benten,Orochi Oniwabanshu,1
229326,Kazekage,Orochi Oniwabanshu,1
229741,Raijin,Orochi Oniwabanshu,1
229835,Sarutobi,Orochi Oniwabanshu,1
230109,Yazaemon,Orochi Oniwabanshu,1
230522,Don Quixote Mjosgard,Donquixote Family,1
230524,Saint Donquixote Shivercalero,Donquixote Family,1
231731,Aramaki,Marines,1
231737,Heercomes Dasun,Marines,1
231743,,Marines,1
231745,Attach,Marines,1
231747,Eiyess Emmar,Marines,1
231755,Bazeko,Marines,1
231773,Bastille,Marines,1
231787,Belle-Mère,Marines,1
231795,,Marines,1
231796,,Marines,1
231805,,Marines,1
231816,Bluegrass,Marines,1
231826,Bogard,Marines,1
231827,,Marines,1
231834,Borsalino,Marines,1
231838,Brannew,Marines,1
231861,Caesar Clown,Marines,1
231865,Cancer,Marines,1
231866,Kandre,Marines,1
231876,Catacombo,Marines,1
231982,,Marines,1
232007,Comille,Marines,1
232020,,Marines,1
232027,,Marines,1
232028,,Marines,1
232033,Daigin,Marines,1
232037,Dalmatian,Marines,1
232056,X. Barrels,Marines,1
232062,Doberman,Marines,1
232068,Doll,Marines,1
232078,Don Quixote Rocinante,Marines,1
232089,Dorrow,Marines,1
232096,,Marines,1
232102,,Marines,1
232129,Dr. Fishbonen,Marines,1
232135,,Marines,1
232150,Fullbody,Marines,1
232159,Gal,Marines,1
232183,,Marines,1
232199,Gion,Marines,1
232204,,Marines,1
232216,Gorilla,Marines,1
232225,Guillotine,Marines,1
232242,,Marines,1
232247,,Marines,1
232251,,Marines,1
232265,Helmeppo,Marines,1
232272,Hibari,Marines,1
232281,Hina,Marines,1
232309,Hototogisu,Marines,1
232310,Hound,Marines,1
232347,Issho,Marines,1
232357,,Marines,1
232360,Jaguar D. Saul,Marines,1
232363,Django,Marines,1
232373,Jero,Marines,1
232375,,Marines,1
232387,John Giant,Marines,1
232404,Kadar,Marines,1
232440,,Marines,1
232446,Kibin,Marines,1
232462,,Marines,1
232469,Coby,Marines,1
232470,Koda,Marines,1
232476,Komakkov,Marines,1
232479,Kong,Marines,1
232487,,Marines,1
232495,Kujaku,Marines,1
232517,Kuzan,Marines,1
232521,Kyuji,Marines,1
232524,Lacroix,Marines,1
232534,,Marines,1
232540,,Marines,1
232545,Lonz,Marines,1
232564,Makko,Marines,1
232585,,Marines,1
232598,Maynard,Marines,1
232649,Momonga,Marines,1
232655,Monkey D. Dragon,Marines,1
232656,Monkey D. Garp,Marines,1
232664,Morgan,Marines,1
232681,Mozambia,Marines,1
232695,,Marines,1
232715,Nay Mingheim,Marines,1
232730,Nezumi,Marines,1
232751,,Marines,1
232770,Onigumo,Marines,1
232812,Pike,Marines,1
232820,Pomsky,Marines,1
232829,,Marines,1
232832,Prince Grus,Marines,1
232834,Purinpurin,Marines,1
232838,Pacifista,Marines,1
232839,Pacifista,Marines,1
232840,Pacifista,Marines,1
232841,Pacifista,Marines,1
232842,,Marines,1
232864,Ratel,Marines,1
232868,Red King,Marines,1
232873,Rika,Marines,1
232879,Ripper,Marines,1
232888,,Marines,1
232889,,Marines,1
232894,Rokkaku,Marines,1
232909,,Marines,1
232926,Sakazuki,Marines,1
232931,,Marines,1
232964,Sengoku,Marines,1
232967,Sentomaru,Marines,1
232971,,Marines,1
232977,Sharingle,Marines,1
232993,Shine,Marines,1
233002,Shu,Marines,1
233005,Sicily,Marines,1
233006,,Marines,1
233011,,Marines,1
233013,Smoker,Marines,1
233036,Stainless,Marines,1
233037,Stalker,Marines,1
233043,,Marines,1
233044,Strawberry,Marines,1
233062,T-Bone,Marines,1
233076,,Marines,1
233080,Tashigi,Marines,1
233085,Tensei,Marines,1
233098,Tokikake,Marines,1
233112,Tosa,Marines,1
233127,Tsuru,Marines,1
233130,Tsuru,Marines,1
233138,Carelesso,Marines,1
233149,Urban,Marines,1
233150,,Marines,1
233152,,Marines,1
233168,Dr. Vegapunk,Marines,1
233169,Vergo,Marines,1
233170,Berry Good,Marines,1
233186,,Marines,1
233203,,Marines,1
233208,X. Drake,Marines,1
233210,Yamakaji,Marines,1
233216,Yarisugi,Marines,1
233226,,Marines,1
233246,Burr,Marines,1
233440,Browndros BeardriguezChadros Higelyges,Centaur Patrol Unit,1
233444,Chappe,Centaur Patrol Unit,1
233679,Fen Bock,Centaur Patrol Unit,1
233872,Hyoutauros,Centaur Patrol Unit,1
234018,Kirintauros,Centaur Patrol Unit,1
234465,Lun,Centaur Patrol Unit,1
234569,Smoothy,Centaur Patrol Unit,1
235687,Marie,Judy,1
237857,Wanze,CP7,1
238866,Mochi,Angel Island,1
239599,Bobby Funk,Mogaro Kingdom,1
240217,Kelly Funk,Mogaro Kingdom,1
242128,Pedro,Nox Pirates,1
242130,Pekoms,Nox Pirates,1
242573,Zepo,Nox Pirates,1
243323,Kebi,Sand-Sand Clan,1
243377,Koza,Sand-Sand Clan,1
243599,Natto,Sand-Sand Clan,1
243605,Nefeltari Vivi,Sand-Sand Clan,1
243649,Okame,Sand-Sand Clan,1
244667,Gyaro,Macro Pirates,1
244992,Macro,Macro Pirates,1
244993,Macro,Macro Pirates,1
245515,Tansui,Macro Pirates,1
246911,S-Bear,Seraphim,1
246912,S-Hawk,Seraphim,1
246913,S-Shark,Seraphim,1
246914,S-Snake,Seraphim,1
247263,Aladdin,Sun Pirates,1
247283,Arlong,Sun Pirates,1
247514,Charlotte Praline,Sun Pirates,1
247529,Choo,Sun Pirates,1
247680,Fisher Tiger,Sun Pirates,1
247777,Gyaro,Sun Pirates,1
247810,Hatchan,Sun Pirates,1
247932,Jinbe,Sun Pirates,1
247971,Kaneshiro,Sun Pirates,1
248017,Koala,Sun Pirates,1
248059,Kuroobi,Sun Pirates,1
248102,Macro,Sun Pirates,1
248103,Macro,Sun Pirates,1
248365,Pisaro,Sun Pirates,1
248625,Tansui,Sun Pirates,1
248734,Wadatsumi,Sun Pirates,1
249843,Ninjin,Usopp Pirates,1
249916,Pieman,Usopp Pirates,1
250178,Tamanegi,Usopp Pirates,1
250262,Usopp,Usopp Pirates,1
250785,Saint Figarland Garling,Figarland Family,1
250786,Saint Figarland Shamrock,Figarland Family,1
251636,Shanks,Figarland Family,1
252643,Kasa,Raijin Island,1
253826,X. Barrels,Barrels Pirates,1
254978,X. Drake,Barrels Pirates,1
255487,Gary,Gally Pirates,1
257838,Scratchmen Apoo,On Air Pirates,1
258816,Jigra,Organ Dealing Assassination Group,1
260492,Kumacy,Perona,1
260871,Risky Brothers,Perona,1
260872,Risky Brothers,Perona,1
262012,Koala,Slavery,1
264035,Sanji,Vinsmoke Family,1
264274,Vinsmoke Ichiji,Vinsmoke Family,1
264275,Vinsmoke Judge,Vinsmoke Family,1
264276,Vinsmoke Niji,Vinsmoke Family,1
264277,Vinsmoke Reiju,Vinsmoke Family,1
264278,Vinsmoke Sora,Vinsmoke Family,1
264279,Vinsmoke Yonji,Vinsmoke Family,1
265107,Killer,Kurozumi Orochi,1
266733,Laboon,Crocus,1
268666,Roshio,Roshio Pirates,1
269486,Ganfor (VIZ,Skypiea,1
270576,Ageha Woman,Beasts Pirates,1
270592,Alpaca-Man,Beasts Pirates,1
270618,,Beasts Pirates,1
270624,Babanuki,Beasts Pirates,1
270638,Bao Huang,Beasts Pirates,1
270646,Basil Hawkins,Beasts Pirates,1
270650,Batman,Beasts Pirates,1
270651,Grasshopper-Man,Beasts Pirates,1
270654,Bee-Girl,Beasts Pirates,1
270656,Beetle-Man,Beasts Pirates,1
270670,,Beasts Pirates,1
270671,,Beasts Pirates,1
270675,Bishamon,Beasts Pirates,1
270676,Bishonure-Onna,Beasts Pirates,1
270677,Bisley,Beasts Pirates,1
270680,,Beasts Pirates,1
270682,Black Maria,Beasts Pirates,1
270702,,Beasts Pirates,1
270715,Briscola,Beasts Pirates,1
270737,Caiman Lady,Beasts Pirates,1
270753,Caucasus-Man,Beasts Pirates,1
270857,,Beasts Pirates,1
270863,Chochin-Man,Beasts Pirates,1
270869,Chome,Beasts Pirates,1
270895,,Beasts Pirates,1
270902,,Beasts Pirates,1
270903,,Beasts Pirates,1
270907,Daifugo,Beasts Pirates,1
270909,Daikoku,Beasts Pirates,1
270938,Dobon,Beasts Pirates,1
270947,Donannoyo,Beasts Pirates,1
270960,Doubt Brothers,Beasts Pirates,1
270971,,Beasts Pirates,1
270977,,Beasts Pirates,1
271010,,Beasts Pirates,1
271012,Fourtricks,Beasts Pirates,1
271016,Fuga,Beasts Pirates,1
271020,Fujin,Beasts Pirates,1
271023,Fukurokuju,Beasts Pirates,1
271043,Gangaru,Beasts Pirates,1
271047,Garudan,Beasts Pirates,1
271051,Gazelle-Man,Beasts Pirates,1
271058,,Beasts Pirates,1
271071,Ginrummy,Beasts Pirates,1
271079,,Beasts Pirates,1
271083,Goki,Beasts Pirates,1
271092,Gorishiro,Beasts Pirates,1
271114,Hamlet,Beasts Pirates,1
271117,,Beasts Pirates,1
271122,,Beasts Pirates,1
271124,Hanzo,Beasts Pirates,1
271126,,Beasts Pirates,1
271134,Haccha,Beasts Pirates,1
271136,Hatsume,Beasts Pirates,1
271138,Hawk-Man,Beasts Pirates,1
271150,Hihimaru,Beasts Pirates,1
271155,Himuro,Beasts Pirates,1
271159,Hippan Natte,Beasts Pirates,1
271175,Holdem,Beasts Pirates,1
271181,Horse-Man,Beasts Pirates,1
271182,Hotei,Beasts Pirates,1
271194,Ibiributsu,Beasts Pirates,1
271207,Inbi,Beasts Pirates,1
271231,Jack,Beasts Pirates,1
271232,,Beasts Pirates,1
271236,Jaki,Beasts Pirates,1
271250,,Beasts Pirates,1
271253,Jigoku-Benten,Beasts Pirates,1
271274,Juki,Beasts Pirates,1
271276,Jumper,Beasts Pirates,1
271282,Kaido,Beasts Pirates,1
271293,Kamakiri-Girl,Beasts Pirates,1
271295,Kamijiro,Beasts Pirates,1
271311,Kazekage,Beasts Pirates,1
271315,,Beasts Pirates,1
271332,King,Beasts Pirates,1
271337,,Beasts Pirates,1
271356,Koshi Falcon,Beasts Pirates,1
271362,,Beasts Pirates,1
271379,Kunyun,Beasts Pirates,1
271388,Kurozumi Kanjuro,Beasts Pirates,1
271389,Kurozumi Orochi,Beasts Pirates,1
271409,,Beasts Pirates,1
271415,,Beasts Pirates,1
271429,Madillo-Man,Beasts Pirates,1
271460,,Beasts Pirates,1
271463,Massui,Beasts Pirates,1
271514,Mizerka,Beasts Pirates,1
271552,Mouse-Man,Beasts Pirates,1
271570,,Beasts Pirates,1
271585,Nangi,Beasts Pirates,1
271600,Neoki,Beasts Pirates,1
271609,Nightcrab-Girl,Beasts Pirates,1
271618,Nodoi Wakan,Beasts Pirates,1
271619,Nokokuwa Police,Beasts Pirates,1
271620,Nokotti,Beasts Pirates,1
271626,,Beasts Pirates,1
271629,Nure-Onna,Beasts Pirates,1
271655,Page One,Beasts Pirates,1
271692,Poker,Beasts Pirates,1
271704,,Beasts Pirates,1
271717,,Beasts Pirates,1
271718,Queen,Beasts Pirates,1
271721,Rabbit-Man,Beasts Pirates,1
271726,Raijin,Beasts Pirates,1
271744,Redwolf,Beasts Pirates,1
271763,,Beasts Pirates,1
271764,,Beasts Pirates,1
271770,Rokki,Beasts Pirates,1
271784,,Beasts Pirates,1
271800,Saitank,Beasts Pirates,1
271806,,Beasts Pirates,1
271814,Sarahebi,Beasts Pirates,1
271820,Sarutobi,Beasts Pirates,1
271821,Sasaki,Beasts Pirates,1
271830,Scorpion-Lady,Beasts Pirates,1
271832,Scotch,Beasts Pirates,1
271833,Scratchmen Apoo,Beasts Pirates,1
271846,,Beasts Pirates,1
271853,Sheepshead,Beasts Pirates,1
271881,,Beasts Pirates,1
271886,,Beasts Pirates,1
271890,Snakeman,Beasts Pirates,1
271892,Solitaire,Beasts Pirates,1
271903,Speed,Beasts Pirates,1
271918,,Beasts Pirates,1
271951,,Beasts Pirates,1
271959,Tenjo-Sagari,Beasts Pirates,1
272015,Ulti,Beasts Pirates,1
272025,,Beasts Pirates,1
272027,,Beasts Pirates,1
272031,Usunoro,Beasts Pirates,1
272034,Uwattsura,Beasts Pirates,1
272061,,Beasts Pirates,1
272066,Wanyudo,Beasts Pirates,1
272076,Who's-Who,Beasts Pirates,1
272078,,Beasts Pirates,1
272083,X. Drake,Beasts Pirates,1
272086,Yamanba,Beasts Pirates,1
272087,Yamato,Beasts Pirates,1
272094,Yazaemon,Beasts Pirates,1
272101,,Beasts Pirates,1
272115,Zanki,Beasts Pirates,1
273644,Yamenahare,Marumieta,1
274780,Peachbeard,Peachbeard Pirates,1
275279,Ashura Doji,Nine Red Scabbards,1
275591,Denjiro,Nine Red Scabbards,1
275876,Inuarashi,Nine Red Scabbards,1
275974,Kawamatsu,Nine Red Scabbards,1
275990,Kikunojo,Nine Red Scabbards,1
275994,Kin'emon,Nine Red Scabbards,1
276053,Kurozumi Kanjuro,Nine Red Scabbards,1
276263,Nekomamushi,Nine Red Scabbards,1
276392,Raizo,Nine Red Scabbards,1
277380,Hippie,Endurance Curry Pirates,1
277384,Hiro Gomon,Endurance Curry Pirates,1
278048,Scimitarta,Endurance Curry Pirates,1
278946,Hoe,Neptune,1
280068,Camie,Takoyaki 8,1
280465,Hatchan,Takoyaki 8,1
280994,Pappagu,Takoyaki 8,1
281812,Devil Dias,Acumate Pirates,1
283353,DaltonDolton,Sakura Kingdom,1
283820,Kureha,Sakura Kingdom,1
285438,Saint Manmayer Gunko,Manmayer Family,1
287447,Solo,Helmeppo,1
289121,Ultra King,Rain Dinners,1
289396,Caesar Clown,NEO MADS,1
290710,Vinsmoke Judge,NEO MADS,1
290971,Cerberus,Knights of God,1
290972,Cerberus,Knights of God,1
291215,Saint Figarland Garling,Knights of God,1
291216,Saint Figarland Shamrock,Knights of God,1
291343,Harald,Knights of God,1
291658,Saint Manmayer Gunko,Knights of God,1
291965,Saint Rimoshifu Killingham,Knights of God,1
292037,Saint Satchels Maffey,Knights of God,1
292066,Shanks,Knights of God,1
292071,Saint Shepherd Sommers,Knights of God,1
292369,Baskerville,Enies Lobby,1
292415,Baskerville,Enies Lobby,1
293088,Baskerville,Enies Lobby,1
294494,Hocker,Chouchou,1
296618,Ratatoskr,Warrior God,1
297107,Bimine,Pucci,1
298974,Eneru,God's Army,1
299019,Fuza,God's Army,1
299043,Gedatsu,God's Army,1
299071,Gode,God's Army,1
299166,Holly,God's Army,1
299173,Hotori and Kotori,God's Army,1
299349,Hotori and Kotori,God's Army,1
299625,Ohm,God's Army,1
299813,Satori,God's Army,1
299868,Shura,God's Army,1
301200,Page One,Yamato,1
301560,Ulti,Yamato,1
302186,Goldfish Princess,Goldfish Empire,1
304303,Olombus,Standing Kingdom,1
304927,Brogy,Giant Warrior Pirates,1
305167,Dorry,Giant Warrior Pirates,1
305449,Jarul,Giant Warrior Pirates,1
305476,Jorul,Giant Warrior Pirates,1
305515,Kashii,Giant Warrior Pirates,1
305529,Tusk,Giant Warrior Pirates,1
305847,Oimo,Giant Warrior Pirates,1
305935,Rydin,Giant Warrior Pirates,1
306178,Thormann,Giant Warrior Pirates,1
306871,Gyro,Gyro Pirates,1
308363,Gangaru,Mimawarigumi,1
308367,Garudan,Mimawarigumi,1
308421,Gurutaro,Mimawarigumi,1
308456,Hatsume,Mimawarigumi,1
308475,Himuro,Mimawarigumi,1
309478,Ankoro,Flying Pirates,1
310045,Hordy JonesHody Jones,Flying Pirates,1
310915,Vander Decken IX,Flying Pirates,1
310934,Wadatsumi,Flying Pirates,1
311035,Aphelandra,Kuja Pirates,1
311058,Bakula,Kuja Pirates,1
311119,Bluefan,Kuja Pirates,1
311125,Boa Hancock,Kuja Pirates,1
311126,Boa Marigold,Kuja Pirates,1
311127,Boa Sandersonia,Kuja Pirates,1
311322,Cosmos,Kuja Pirates,1
311341,Daisy,Kuja Pirates,1
311508,Gloriosa,Kuja Pirates,1
311878,Margaret,Kuja Pirates,1
312165,Ran,Kuja Pirates,1
312181,Rindo,Kuja Pirates,1
312234,Salome,Kuja Pirates,1
312277,Shakuyaku,Kuja Pirates,1
312366,Sweetpea,Kuja Pirates,1
312426,Tritoma,Kuja Pirates,1
313471,Mikazuki,Big Helmet Pirates,1
315484,Tama,Oide,1
316468,Kumadori Yamanbako,Kumadori,1
317666,Fuga,Numbers,1
317733,Goki,Numbers,1
317784,Haccha,Numbers,1
317857,Inbi,Numbers,1
317886,Jaki,Numbers,1
317924,Juki,Numbers,1
318029,Kunyun,Numbers,1
318235,Nangi,Numbers,1
318420,Rokki,Numbers,1
318765,Zanki,Numbers,1
318799,Alvida,Buggy and Alvida Alliance,1
318930,Buggy,Buggy and Alvida Alliance,1
318940,Cabaji,Buggy and Alvida Alliance,1
319241,Galdino,Buggy and Alvida Alliance,1
319728,Mohji,Buggy and Alvida Alliance,1
319952,Richy,Buggy and Alvida Alliance,1
320429,Big Bun,Groggy Monsters,1
320873,Hamburg,Groggy Monsters,1
321444,Pickles,Groggy Monsters,1
321958,Bartholomew Kuma,Freedom Fighters,1
322298,Emporio Ivankov,Freedom Fighters,1
322385,Ginny,Freedom Fighters,1
322845,Monkey D. Dragon,Freedom Fighters,1
324010,Helmeppo,SWORD,1
324017,Hibari,SWORD,1
324214,Coby,SWORD,1
324240,Kujaku,SWORD,1
324577,Prince Grus,SWORD,1
324953,X. Drake,SWORD,1
325091,Bepo,Heart Pirates,1
325299,Clione,Heart Pirates,1
325536,Hakugan,Heart Pirates,1
325628,Ikkaku,Heart Pirates,1
325629,Ikkaku,Heart Pirates,1
325667,Jean Bart,Heart Pirates,1
326103,Penguin,Heart Pirates,1
326270,Shachi,Heart Pirates,1
326416,Trafalgar D. Water Law,Heart Pirates,1
326445,Uni,Heart Pirates,1
326570,Alice,Galley-La Company,1
327117,Hattori,Galley-La Company,1
327176,Iceberg,Galley-La Company,1
327266,Kaku,Galley-La Company,1
327267,Kaku,Galley-La Company,1
327271,Kalifa,Galley-La Company,1
327302,Kiev,Galley-La Company,1
327648,Paulie,Galley-La Company,1
327652,Peepley Lulu,Galley-La Company,1
327740,Rob Lucci,Galley-La Company,1
327927,Tamagon,Galley-La Company,1
327950,Tilestone,Galley-La Company,1
328093,Zambai,Galley-La Company,1
328169,Bancro,Roger Pirates,1
328229,Bluemarine,Roger Pirates,1
328260,Buggy,Roger Pirates,1
328290,CB Gallant,Roger Pirates,1
328432,Crocus,Roger Pirates,1
328484,Donkino,Roger Pirates,1
328491,Doringo,Roger Pirates,1
328524,Elio,Roger Pirates,1
328579,Ganryu,Roger Pirates,1
328580,Ganryu,Roger Pirates,1
328619,Gol D. Roger,Roger Pirates,1
328746,Inuarashi,Roger Pirates,1
328768,Jackson Burner,Roger Pirates,1
328898,Kozuki Oden,Roger Pirates,1
328900,Kozuki Toki,Roger Pirates,1
329009,Max Marx,Roger Pirates,1
329026,Mille Pine,Roger Pirates,1
329072,Moon Isaac Jr.,Roger Pirates,1
329104,Mr. Momora,Roger Pirates,1
329109,Muegren,Roger Pirates,1
329133,Nekomamushi,Roger Pirates,1
329217,Peetamu,Roger Pirates,1
329272,Langram,Roger Pirates,1
329316,Lowwing,Roger Pirates,1
329364,Scopper Gaban,Roger Pirates,1
329370,Seagull Ganz Nozudon,Roger Pirates,1
329386,Shanks,Roger Pirates,1
329417,Silvers Rayleigh,Roger Pirates,1
329440,Spencer,Roger Pirates,1
329468,Sambel,Roger Pirates,1
329488,Taro,Roger Pirates,1
329625,Yamon,Roger Pirates,1
329642,Yuey,Roger Pirates,1
330790,Poro,Orange Town,1
331530,Conis,Pumpkin Cafe,1
332950,Carrot,Inuarashi Musketeer Squad,1
333084,Concelot,Inuarashi Musketeer Squad,1
333275,Giovanni,Inuarashi Musketeer Squad,1
333411,Inuarashi,Inuarashi Musketeer Squad,1
334075,Shishilian,Inuarashi Musketeer Squad,1
334264,Wanda,Inuarashi Musketeer Squad,1
334298,Yomo,Inuarashi Musketeer Squad,1
334430,Bishamon,Kurozumi Family,1
334624,Chome,Kurozumi Family,1
334664,Daikoku,Kurozumi Family,1
334671,Dashiteyaro,Kurozumi Family,1
334681,Denjiro,Kurozumi Family,1
334775,Fujin,Kurozumi Family,1
334778,Fukurokuju,Kurozumi Family,1
334906,Hikkomitsukumai,Kurozumi Family,1
334910,Himuro,Kurozumi Family,1
334929,Hoisassa,Kurozumi Family,1
334937,Hotei,Kurozumi Family,1
335008,Jigoku-Benten,Kurozumi Family,1
335067,Kazenbo,Kurozumi Family,1
335142,Kurozumi Higurashi,Kurozumi Family,1
335143,Kurozumi Kanjuro,Kurozumi Family,1
335144,Kurozumi Orochi,Kurozumi Family,1
335145,Kurozumi Semimaru,Kurozumi Family,1
335146,Kurozumi Tama,Kurozumi Family,1
335481,Raijin,Kurozumi Family,1
335694,Tamikebao,Kurozumi Family,1
335758,Ukkari Tsurube,Kurozumi Family,1
337119,Sandayu,Kouzuki Hiyori,1
337252,Takao,Kouzuki Hiyori,1
337284,Toko,Kouzuki Hiyori,1
337435,A.O.,A O Pirates,1
339163,Candy,Candy Pirates,1
341621,Onimaru,Shimotsuki Ushimaru,1
342123,Alpha,CP8,1
344863,Saint Charlos,Rosward Family,1
344864,Roswald,Rosward Family,1
344865,Saint Rosward Shalria,Rosward Family,1
345254,Ashura Doji,Kouzuki Family,1
345276,Banzaburo,Kouzuki Family,1
345566,Denjiro,Kouzuki Family,1
345599,Dotaku,Kouzuki Family,1
345663,Fukurokuju,Kouzuki Family,1
345741,Gurutaro,Kouzuki Family,1
345788,Hidayu,Kouzuki Family,1
345851,Inuarashi,Kouzuki Family,1
345868,Izo,Kouzuki Family,1
345892,Jibuemon,Kouzuki Family,1
345913,Jujiro,Kouzuki Family,1
345920,Kagero,Kouzuki Family,1
345929,Kaku-no Shin,Kouzuki Family,1
345949,Kawamatsu,Kouzuki Family,1
345965,Kikunojo,Kouzuki Family,1
345969,Kin'emon,Kouzuki Family,1
345988,Kojuro,Kouzuki Family,1
346000,Kozuki Hiyori,Kouzuki Family,1
346001,Kozuki Momonosuke,Kouzuki Family,1
346003,Kozuki Oden,Kouzuki Family,1
346004,Kozuki Sukiyaki,Kouzuki Family,1
346005,Kozuki Toki,Kouzuki Family,1
346006,Koyama,Kouzuki Family,1
346025,Kurosawa,Kouzuki Family,1
346028,Kurozumi Kanjuro,Kouzuki Family,1
346169,Monjiro,Kouzuki Family,1
346190,Mountain God,Kouzuki Family,1
346238,Nekomamushi,Kouzuki Family,1
346286,Onimaru,Kouzuki Family,1
346367,Raizo,Kouzuki Family,1
346509,Shinobu,Kouzuki Family,1
346510,Shinosuke,Kouzuki Family,1
346580,Tabuhachiro,Kouzuki Family,1
346654,Ukon,Kouzuki Family,1
346927,Bushon,Water 7,1
347391,Iceberg,Water 7,1
348112,Staybe,Water 7,1
348755,Fisher Tiger,Fish-Man District,1
349878,Agilia,Corrida Colosseum,1
349885,Agyo,Corrida Colosseum,1
349912,Peekatha Krotch,Corrida Colosseum,1
350355,Gyats,Corrida Colosseum,1
350447,Hera,Corrida Colosseum,1
350448,Hera,Corrida Colosseum,1
350699,Kyros,Corrida Colosseum,1
350783,Meadows,Corrida Colosseum,1
351045,Rebecca,Corrida Colosseum,1
351206,Spartan,Corrida Colosseum,1
351314,Moocy,Corrida Colosseum,1
352089,Jabari,CP6,1
352107,Jerry,CP6,1
353332,Davy D. Jones,Clan of D.,1
355387,Little Oars Jr.,Little Pirates,1
356440,Daruma,New Fish-Man Pirates,1
356483,Dosun,New Fish-Man Pirates,1
356631,Gyro,New Fish-Man Pirates,1
356640,Hammond,New Fish-Man Pirates,1
356695,Hordy JonesHody Jones,New Fish-Man Pirates,1
356718,Hyouzou,New Fish-Man Pirates,1
356727,Ikaros Much,New Fish-Man Pirates,1
356769,Jean Noueilles,New Fish-Man Pirates,1
356829,Kasagoba,New Fish-Man Pirates,1
357459,Surume,New Fish-Man Pirates,1
357565,Vander Decken IX,New Fish-Man Pirates,1
357642,Zeo,New Fish-Man Pirates,1
357685,Aphelandra,Kuja,1
357739,Belladonna,Kuja,1
358065,Genista,Kuja,1
358158,Gloriosa,Kuja,1
358404,Kiku,Kuja,1
358406,Kikyo,Kuja,1
358682,Nerine,Kuja,1
358741,Pansy,Kuja,1
358777,Poppy,Kuja,1
358927,Shakuyaku,Kuja,1
358951,Shion,Kuja,1
360118,Gohngeddit Juanpeace,Germ Pirates,1
360365,Dr. Noshirtkutz Tofayme,Germ Pirates,1
360493,Hitchinfra Itchin,Germ Pirates,1
360562,Wannabi Luvd,Germ Pirates,1
360563,Wannabi Laikd,Germ Pirates,1
362066,Shojoe,Shoujou Pirates,1
362414,Big Bun,Foxy Pirates,1
362491,Capote,Foxy Pirates,1
362616,Chuchun,Foxy Pirates,1
362693,Donovan,Foxy Pirates,1
362758,Foxy,Foxy Pirates,1
362804,George Mach,Foxy Pirates,1
362812,Gina,Foxy Pirates,1
362858,Hamburg,Foxy Pirates,1
362969,Itomimizu,Foxy Pirates,1
363065,Kibagaeru,Foxy Pirates,1
363271,Monda,Foxy Pirates,1
363296,Mountain Ricky,Foxy Pirates,1
363352,Nico Robin,Foxy Pirates,1
363429,Pickles,Foxy Pirates,1
363443,Porche,Foxy Pirates,1
363639,Sonie,Foxy Pirates,1
363727,Tony Tony Chopper,Foxy Pirates,1
365155,St. Shepherd Ju Peter,Shepherd Family,1
365156,Saint Shepherd Sommers,Shepherd Family,1
365425,A.O.,Whitebeard Pirates,1
365434,Agushily,Whitebeard Pirates,1
365450,Amadob,Whitebeard Pirates,1
365455,Andre,Whitebeard Pirates,1
365465,Arthur,Whitebeard Pirates,1
365473,,Whitebeard Pirates,1
365474,Atmos,Whitebeard Pirates,1
365484,Baggaly,Whitebeard Pirates,1
365525,,Whitebeard Pirates,1
365526,,Whitebeard Pirates,1
365534,Bizarre,Whitebeard Pirates,1
365535,,Whitebeard Pirates,1
365541,Blamenco,Whitebeard Pirates,1
365542,Blenheim,Whitebeard Pirates,1
365543,Blondie,Whitebeard Pirates,1
365557,,Whitebeard Pirates,1
365569,Brew,Whitebeard Pirates,1
365571,Brocca,Whitebeard Pirates,1
365597,Cans,Whitebeard Pirates,1
365712,,Whitebeard Pirates,1
365722,Choi,Whitebeard Pirates,1
365735,Colscon,Whitebeard Pirates,1
365750,,Whitebeard Pirates,1
365753,Curiel,Whitebeard Pirates,1
365757,,Whitebeard Pirates,1
365758,,Whitebeard Pirates,1
365774,DeCalvan Brothers,Whitebeard Pirates,1
365776,Delacuaji,Whitebeard Pirates,1
365799,Doma,Whitebeard Pirates,1
365826,,Whitebeard Pirates,1
365827,Edward Newgate,Whitebeard Pirates,1
365832,,Whitebeard Pirates,1
365835,Elmy,Whitebeard Pirates,1
365841,Epoida,Whitebeard Pirates,1
365865,,Whitebeard Pirates,1
365866,Fossa,Whitebeard Pirates,1
365913,,Whitebeard Pirates,1
365934,,Whitebeard Pirates,1
365953,Great Michael,Whitebeard Pirates,1
365972,,Whitebeard Pirates,1
365974,Hangan,Whitebeard Pirates,1
365977,,Whitebeard Pirates,1
365981,,Whitebeard Pirates,1
365987,Haruta,Whitebeard Pirates,1
366066,Inuarashi,Whitebeard Pirates,1
366076,Islewan,Whitebeard Pirates,1
366083,Izo,Whitebeard Pirates,1
366087,,Whitebeard Pirates,1
366105,,Whitebeard Pirates,1
366125,Jozu,Whitebeard Pirates,1
366130,Julius,Whitebeard Pirates,1
366156,Karma,Whitebeard Pirates,1
366169,Kechatch,Whitebeard Pirates,1
366170,,Whitebeard Pirates,1
366189,Kinga,Whitebeard Pirates,1
366190,Kingdew,Whitebeard Pirates,1
366192,,Whitebeard Pirates,1
366217,,Whitebeard Pirates,1
366218,Kozuki Oden,Whitebeard Pirates,1
366220,Kozuki Toki,Whitebeard Pirates,1
366226,Kukai,Whitebeard Pirates,1
366264,,Whitebeard Pirates,1
366270,,Whitebeard Pirates,1
366272,Little Oars Jr.,Whitebeard Pirates,1
366300,Marco,Whitebeard Pirates,1
366312,Marshall D. Teech,Whitebeard Pirates,1
366315,,Whitebeard Pirates,1
366317,Masked Deuce,Whitebeard Pirates,1
366331,McGuy,Whitebeard Pirates,1
366340,Mihal,Whitebeard Pirates,1
366425,,Whitebeard Pirates,1
366438,Namule,Whitebeard Pirates,1
366453,Nekomamushi,Whitebeard Pirates,1
366469,Ninth,Whitebeard Pirates,1
366481,,Whitebeard Pirates,1
366498,Oliva,Whitebeard Pirates,1
366511,Palms,Whitebeard Pirates,1
366524,Pavlik,Whitebeard Pirates,1
366556,Portgas D. Ace,Whitebeard Pirates,1
366559,,Whitebeard Pirates,1
366572,,Whitebeard Pirates,1
366586,Rakuyo,Whitebeard Pirates,1
366587,Ramba,Whitebeard Pirates,1
366600,Reforte,Whitebeard Pirates,1
366618,,Whitebeard Pirates,1
366619,,Whitebeard Pirates,1
366639,,Whitebeard Pirates,1
366641,Rush,Whitebeard Pirates,1
366661,,Whitebeard Pirates,1
366701,,Whitebeard Pirates,1
366736,,Whitebeard Pirates,1
366740,Skull,Whitebeard Pirates,1
366741,,Whitebeard Pirates,1
366759,Speed Jil,Whitebeard Pirates,1
366765,Squard,Whitebeard Pirates,1
366770,Stephen,Whitebeard Pirates,1
366773,,Whitebeard Pirates,1
366806,,Whitebeard Pirates,1
366811,Tate,Whitebeard Pirates,1
366822,Thatch,Whitebeard Pirates,1
366880,,Whitebeard Pirates,1
366882,,Whitebeard Pirates,1
366911,Vista,Whitebeard Pirates,1
366912,Vitan,Whitebeard Pirates,1
366916,,Whitebeard Pirates,1
366918,Wallem,Whitebeard Pirates,1
366930,Whitey Bay,Whitebeard Pirates,1
366933,,Whitebeard Pirates,1
366956,,Whitebeard Pirates,1
366975,Zodia,Whitebeard Pirates,1
366977,Zukka,Whitebeard Pirates,1
367148,Camie,Mermaid Cafe,1
367693,Kairen,Mermaid Cafe,1
367835,Lulis,Mermaid Cafe,1
367891,Mello,Mermaid Cafe,1
368247,Seira,Mermaid Cafe,1
368289,Sharley,Mermaid Cafe,1
368305,Sola,Mermaid Cafe,1
368882,Davy D. Jones,Davy Family,1
368955,Eris,Davy Family,1
369422,Marshall D. Teech,Davy Family,1
369730,Rocks D. Xebec,Davy Family,1
370919,Lacroix,Giant Squad,1
370940,Lonz,Giant Squad,1
371669,Alvida,Buggy's Delivery,1
371800,Buggy,Buggy's Delivery,1
371810,Cabaji,Buggy's Delivery,1
372111,Galdino,Buggy's Delivery,1
372135,Gerd,Buggy's Delivery,1
372160,Goldberg,Buggy's Delivery,1
372184,Hajrudin,Buggy's Delivery,1
372598,Mohji,Buggy's Delivery,1
372822,Richy,Buggy's Delivery,1
372834,Rodo,Buggy's Delivery,1
372988,Stansen,Buggy's Delivery,1
374389,Rodo,Land of Gods,1
374870,Blakey,Fish-Man Island,1
375356,Hoe,Fish-Man Island,1
375635,Maria Napole,Fish-Man Island,1
375674,Miles,Fish-Man Island,1
376354,Ashura Doji,Ninja-Pirate-Mink-Samurai Alliance,1
376358,,Ninja-Pirate-Mink-Samurai Alliance,1
376364,Babanuki,Ninja-Pirate-Mink-Samurai Alliance,1
376380,Bariete,Ninja-Pirate-Mink-Samurai Alliance,1
376406,Bepo,Ninja-Pirate-Mink-Samurai Alliance,1
376410,,Ninja-Pirate-Mink-Samurai Alliance,1
376411,,Ninja-Pirate-Mink-Samurai Alliance,1
376420,,Ninja-Pirate-Mink-Samurai Alliance,1
376423,BBBB,Ninja-Pirate-Mink-Samurai Alliance,1
376442,,Ninja-Pirate-Mink-Samurai Alliance,1
376459,Brook,Ninja-Pirate-Mink-Samurai Alliance,1
376487,Caribou,Ninja-Pirate-Mink-Samurai Alliance,1
376490,Carrot,Ninja-Pirate-Mink-Samurai Alliance,1
376597,,Ninja-Pirate-Mink-Samurai Alliance,1
376602,Ocho,Ninja-Pirate-Mink-Samurai Alliance,1
376614,Clione,Ninja-Pirate-Mink-Samurai Alliance,1
376624,Concelot,Ninja-Pirate-Mink-Samurai Alliance,1
376635,,Ninja-Pirate-Mink-Samurai Alliance,1
376642,,Ninja-Pirate-Mink-Samurai Alliance,1
376643,,Ninja-Pirate-Mink-Samurai Alliance,1
376647,Daifugo,Ninja-Pirate-Mink-Samurai Alliance,1
376666,Denjiro,Ninja-Pirate-Mink-Samurai Alliance,1
376711,,Ninja-Pirate-Mink-Samurai Alliance,1
376717,,Ninja-Pirate-Mink-Samurai Alliance,1
376735,Eustass Kid,Ninja-Pirate-Mink-Samurai Alliance,1
376750,,Ninja-Pirate-Mink-Samurai Alliance,1
376755,Franky,Ninja-Pirate-Mink-Samurai Alliance,1
376791,Gazelle-Man,Ninja-Pirate-Mink-Samurai Alliance,1
376798,,Ninja-Pirate-Mink-Samurai Alliance,1
376815,Giovanni,Ninja-Pirate-Mink-Samurai Alliance,1
376819,,Ninja-Pirate-Mink-Samurai Alliance,1
376851,Hakugan,Ninja-Pirate-Mink-Samurai Alliance,1
376854,Hamlet,Ninja-Pirate-Mink-Samurai Alliance,1
376857,,Ninja-Pirate-Mink-Samurai Alliance,1
376862,,Ninja-Pirate-Mink-Samurai Alliance,1
376866,,Ninja-Pirate-Mink-Samurai Alliance,1
376870,Hareji,Ninja-Pirate-Mink-Samurai Alliance,1
376879,Heat,Ninja-Pirate-Mink-Samurai Alliance,1
376888,Hidayu,Ninja-Pirate-Mink-Samurai Alliance,1
376890,Hihimaru,Ninja-Pirate-Mink-Samurai Alliance,1
376931,Hyogoro,Ninja-Pirate-Mink-Samurai Alliance,1
376943,Ikkaku,Ninja-Pirate-Mink-Samurai Alliance,1
376944,Ikkaku,Ninja-Pirate-Mink-Samurai Alliance,1
376951,Inuarashi,Ninja-Pirate-Mink-Samurai Alliance,1
376968,Izo,Ninja-Pirate-Mink-Samurai Alliance,1
376972,,Ninja-Pirate-Mink-Samurai Alliance,1
376982,Jean Bart,Ninja-Pirate-Mink-Samurai Alliance,1
376990,,Ninja-Pirate-Mink-Samurai Alliance,1
376997,Jinbe,Ninja-Pirate-Mink-Samurai Alliance,1
377013,Jujiro,Ninja-Pirate-Mink-Samurai Alliance,1
377020,Kagero,Ninja-Pirate-Mink-Samurai Alliance,1
377029,Kaku-no Shin,Ninja-Pirate-Mink-Samurai Alliance,1
377049,Kawamatsu,Ninja-Pirate-Mink-Samurai Alliance,1
377055,,Ninja-Pirate-Mink-Samurai Alliance,1
377065,Kikunojo,Ninja-Pirate-Mink-Samurai Alliance,1
377067,Killer,Ninja-Pirate-Mink-Samurai Alliance,1
377069,Kin'emon,Ninja-Pirate-Mink-Samurai Alliance,1
377077,,Ninja-Pirate-Mink-Samurai Alliance,1
377088,Kojuro,Ninja-Pirate-Mink-Samurai Alliance,1
377090,Komachiyo,Ninja-Pirate-Mink-Samurai Alliance,1
377100,Kozuki Hiyori,Ninja-Pirate-Mink-Samurai Alliance,1
377101,Kozuki Momonosuke,Ninja-Pirate-Mink-Samurai Alliance,1
377102,,Ninja-Pirate-Mink-Samurai Alliance,1
377104,Kozuki Sukiyaki,Ninja-Pirate-Mink-Samurai Alliance,1
377125,Kurosawa,Ninja-Pirate-Mink-Samurai Alliance,1
377128,Kurozumi Kanjuro,Ninja-Pirate-Mink-Samurai Alliance,1
377131,Kurozumi Tama,Ninja-Pirate-Mink-Samurai Alliance,1
377149,,Ninja-Pirate-Mink-Samurai Alliance,1
377155,,Ninja-Pirate-Mink-Samurai Alliance,1
377185,Marco,Ninja-Pirate-Mink-Samurai Alliance,1
377200,,Ninja-Pirate-Mink-Samurai Alliance,1
377230,Milky,Ninja-Pirate-Mink-Samurai Alliance,1
377253,Miyagi,Ninja-Pirate-Mink-Samurai Alliance,1
377269,Monjiro,Ninja-Pirate-Mink-Samurai Alliance,1
377272,Monkey D. Luffy,Ninja-Pirate-Mink-Samurai Alliance,1
377310,,Ninja-Pirate-Mink-Samurai Alliance,1
377322,Nami,Ninja-Pirate-Mink-Samurai Alliance,1
377338,Nekomamushi,Ninja-Pirate-Mink-Samurai Alliance,1
377347,Nico Robin,Ninja-Pirate-Mink-Samurai Alliance,1
377366,,Ninja-Pirate-Mink-Samurai Alliance,1
377384,Ohmasa,Ninja-Pirate-Mink-Samurai Alliance,1
377413,Pedro,Ninja-Pirate-Mink-Samurai Alliance,1
377418,Penguin,Ninja-Pirate-Mink-Samurai Alliance,1
377444,,Ninja-Pirate-Mink-Samurai Alliance,1
377457,,Ninja-Pirate-Mink-Samurai Alliance,1
377467,Raizo,Ninja-Pirate-Mink-Samurai Alliance,1
377503,,Ninja-Pirate-Mink-Samurai Alliance,1
377504,,Ninja-Pirate-Mink-Samurai Alliance,1
377507,Roddy,Ninja-Pirate-Mink-Samurai Alliance,1
377515,Roronoa Zoro,Ninja-Pirate-Mink-Samurai Alliance,1
377524,,Ninja-Pirate-Mink-Samurai Alliance,1
377546,,Ninja-Pirate-Mink-Samurai Alliance,1
377550,Sanji,Ninja-Pirate-Mink-Samurai Alliance,1
377585,Shachi,Ninja-Pirate-Mink-Samurai Alliance,1
377586,,Ninja-Pirate-Mink-Samurai Alliance,1
377609,Shinobu,Ninja-Pirate-Mink-Samurai Alliance,1
377615,Shishilian,Ninja-Pirate-Mink-Samurai Alliance,1
377621,,Ninja-Pirate-Mink-Samurai Alliance,1
377626,,Ninja-Pirate-Mink-Samurai Alliance,1
377643,Speed,Ninja-Pirate-Mink-Samurai Alliance,1
377658,,Ninja-Pirate-Mink-Samurai Alliance,1
377680,Tabuhachiro,Ninja-Pirate-Mink-Samurai Alliance,1
377691,,Ninja-Pirate-Mink-Samurai Alliance,1
377722,Tony Tony Chopper,Ninja-Pirate-Mink-Samurai Alliance,1
377731,Trafalgar D. Water Law,Ninja-Pirate-Mink-Samurai Alliance,1
377734,Tristan,Ninja-Pirate-Mink-Samurai Alliance,1
377740,Tsunagoro,Ninja-Pirate-Mink-Samurai Alliance,1
377754,Ukon,Ninja-Pirate-Mink-Samurai Alliance,1
377760,Uni,Ninja-Pirate-Mink-Samurai Alliance,1
377765,,Ninja-Pirate-Mink-Samurai Alliance,1
377767,,Ninja-Pirate-Mink-Samurai Alliance,1
377772,Usopp,Ninja-Pirate-Mink-Samurai Alliance,1
377801,,Ninja-Pirate-Mink-Samurai Alliance,1
377804,Wanda,Ninja-Pirate-Mink-Samurai Alliance,1
377818,,Ninja-Pirate-Mink-Samurai Alliance,1
377819,Wire,Ninja-Pirate-Mink-Samurai Alliance,1
377823,X. Drake,Ninja-Pirate-Mink-Samurai Alliance,1
377827,Yamato,Ninja-Pirate-Mink-Samurai Alliance,1
377833,Yatappe,Ninja-Pirate-Mink-Samurai Alliance,1
377838,Yomo,Ninja-Pirate-Mink-Samurai Alliance,1
377841,,Ninja-Pirate-Mink-Samurai Alliance,1
377854,Zangirimaru,Ninja-Pirate-Mink-Samurai Alliance,1
378850,Moyle,Divine Squad,1
379843,St. Ethanbaron V. Nusjuro,Five Elders,1
379850,Saint Figarland Garling,Five Elders,1
380090,St. Jaygarcia Saturn,Five Elders,1
380296,St. Marcus Mars,Five Elders,1
380705,St. Shepherd Ju Peter,Five Elders,1
380834,St. Topman Warcury,Five Elders,1
381103,Bobbin,Big Mom Pirates,1
381126,Bouche,Big Mom Pirates,1
381149,Capone Bege,Big Mom Pirates,1
381170,Charlotte Akimeg,Big Mom Pirates,1
381171,Charlotte Allmeg,Big Mom Pirates,1
381172,Charlotte Amande,Big Mom Pirates,1
381173,Charlotte Anana,Big Mom Pirates,1
381174,Charlotte Angel,Big Mom Pirates,1
381175,Charlotte Anglaise,Big Mom Pirates,1
381176,Charlotte Basans,Big Mom Pirates,1
381177,Charlotte Bassquarte,Big Mom Pirates,1
381178,Charlotte Bavarois,Big Mom Pirates,1
381179,Charlotte Brownie,Big Mom Pirates,1
381180,Charlotte Broye,Big Mom Pirates,1
381181,Charlotte Brulee,Big Mom Pirates,1
381182,Charlotte Cabaletta,Big Mom Pirates,1
381183,Charlotte Cadenza,Big Mom Pirates,1
381184,Charlotte Chiboust,Big Mom Pirates,1
381186,Charlotte Cinnamon,Big Mom Pirates,1
381187,Charlotte Citron,Big Mom Pirates,1
381188,Charlotte Compo,Big Mom Pirates,1
381189,Charlotte Compote,Big Mom Pirates,1
381190,Charlotte Cornstarch,Big Mom Pirates,1
381191,Charlotte Counter,Big Mom Pirates,1
381192,Charlotte Cracker,Big Mom Pirates,1
381193,Charlotte Custard,Big Mom Pirates,1
381194,Charlotte Dacquoise,Big Mom Pirates,1
381195,Charlotte Daifuku,Big Mom Pirates,1
381197,Charlotte Dolce and Dragée,Big Mom Pirates,1
381198,Charlotte Dosmarche,Big Mom Pirates,1
381199,Charlotte Dolce and Dragée,Big Mom Pirates,1
381200,Charlotte Effiler,Big Mom Pirates,1
381201,Charlotte Flampe,Big Mom Pirates,1
381202,Charlotte Fuyumeg,Big Mom Pirates,1
381204,Charlotte Galette,Big Mom Pirates,1
381205,Charlotte Hachee,Big Mom Pirates,1
381206,Charlotte Harumeg,Big Mom Pirates,1
381207,Charlotte High-Fat,Big Mom Pirates,1
381208,Charlotte Joconde,Big Mom Pirates,1
381209,Charlotte Joscarpone,Big Mom Pirates,1
381210,Charlotte Kanten,Big Mom Pirates,1
381211,Charlotte Katakuri,Big Mom Pirates,1
381212,Kato,Big Mom Pirates,1
381213,Charlotte Laurin,Big Mom Pirates,1
381214,Charlotte Linlin,Big Mom Pirates,1
381216,Charlotte Maple,Big Mom Pirates,1
381217,Charlotte Marble,Big Mom Pirates,1
381218,Charlotte Marnier,Big Mom Pirates,1
381219,Charlotte Mascarpone,Big Mom Pirates,1
381220,Charlotte Mash,Big Mom Pirates,1
381221,Charlotte Melise,Big Mom Pirates,1
381222,Charlotte Mobile,Big Mom Pirates,1
381223,Charlotte Monder,Big Mom Pirates,1
381224,Charlotte Montd'OrCharlotte Mont-d'Or,Big Mom Pirates,1
381225,Charlotte Montb,Big Mom Pirates,1
381226,Charlotte Moscato,Big Mom Pirates,1
381227,Charlotte Mozart,Big Mom Pirates,1
381228,Charlotte Myukuru,Big Mom Pirates,1
381229,Decuplets,Big Mom Pirates,1
381230,Decuplets,Big Mom Pirates,1
381231,Decuplets,Big Mom Pirates,1
381232,Decuplets,Big Mom Pirates,1
381233,Charlotte Newshi,Big Mom Pirates,1
381234,Charlotte Noisette,Big Mom Pirates,1
381236,Charlotte Nougat,Big Mom Pirates,1
381237,Charlotte Nusstorte,Big Mom Pirates,1
381238,Charlotte Nutmeg,Big Mom Pirates,1
381239,Charlotte Opera,Big Mom Pirates,1
381240,Charlotte Oven,Big Mom Pirates,1
381241,Charlotte Panna,Big Mom Pirates,1
381242,Charlotte Perospero,Big Mom Pirates,1
381243,Charlotte Poire,Big Mom Pirates,1
381244,Charlotte Praline,Big Mom Pirates,1
381245,Charlotte Prim,Big Mom Pirates,1
381246,Charlotte Pudding,Big Mom Pirates,1
381247,Charlotte Raisin,Big Mom Pirates,1
381248,Charlotte Saintmarc,Big Mom Pirates,1
381249,Charlotte Smoothie,Big Mom Pirates,1
381250,Charlotte Snack,Big Mom Pirates,1
381251,Charlotte Tablet,Big Mom Pirates,1
381254,Charlotte Yuen,Big Mom Pirates,1
381255,Charlotte Zuccotto,Big Mom Pirates,1
381335,Diesel,Big Mom Pirates,1
381381,Eggplant Soldier,Big Mom Pirates,1
381547,Hera,Big Mom Pirates,1
381548,Hera,Big Mom Pirates,1
381662,Jinbe,Big Mom Pirates,1
381738,Kingbaum,Big Mom Pirates,1
381908,Misery,Big Mom Pirates,1
381991,Napoleon,Big Mom Pirates,1
382020,Nitro,Big Mom Pirates,1
382022,Aristocroc,Big Mom Pirates,1
382080,Pekoms,Big Mom Pirates,1
382113,Prometheus,Big Mom Pirates,1
382127,Rabiyan,Big Mom Pirates,1
382141,Randolph,Big Mom Pirates,1
382325,Streusen,Big Mom Pirates,1
382351,Tamago,Big Mom Pirates,1
382524,Zeus,Big Mom Pirates,1
383926,Thalassa Lucas,Ilisia Kingdom,1
385265,Saint Rimoshifu Killingham,Rimoshifu Family,1
387173,Yosaku,Johnny,1
387728,Gyogyo,Bonney Pirates,1
387876,Jewelry Bonney,Bonney Pirates,1
388290,Pert,Bonney Pirates,1
388328,Potato,Bonney Pirates,1
388614,Totts,Bonney Pirates,1
389482,Karoo,Super Spot-Billed Duck Troops,1
389651,Matsuge,Super Spot-Billed Duck Troops,1
391761,Urouge,Fallen Monk Pirates,1
393126,Seamars,Space Pirates,1
393574,Bunbuku,Tenguyama Hitetsu,1
394999,Baskerville,World Government,1
395018,,World Government,1
395045,Baskerville,World Government,1
395047,Basilisk,World Government,1
395070,,World Government,1
395071,,World Government,1
395080,,World Government,1
395102,,World Government,1
395257,,World Government,1
395287,Corgy,World Government,1
395295,,World Government,1
395302,,World Government,1
395303,,World Government,1
395350,Don Quixote Doflamingo,World Government,1
395351,Don Quixote Homing,World Government,1
395352,Don Quixote Mjosgard,World Government,1
395353,Don Quixote Rocinante,World Government,1
395354,Saint Donquixote Shivercalero,World Government,1
395371,,World Government,1
395377,,World Government,1
395410,,World Government,1
395448,Gatherine,World Government,1
395458,,World Government,1
395479,,World Government,1
395517,,World Government,1
395522,,World Government,1
395526,,World Government,1
395605,Imu,World Government,1
395632,,World Government,1
395637,Saint Jalmac,World Government,1
395650,,World Government,1
395664,George,World Government,1
395705,Kashii,World Government,1
395715,,World Government,1
395718,Baskerville,World Government,1
395737,,World Government,1
395754,Kong,World Government,1
395762,,World Government,1
395809,,World Government,1
395815,,World Government,1
395860,,World Government,1
395898,Minokoala,World Government,1
395899,Minorhinoceros,World Government,1
395901,Minotaur,World Government,1
395902,Minozebra,World Government,1
395970,,World Government,1
395977,Mameemee,World Government,1
395993,Nefeltari D. Lily,World Government,1
396004,St. Imu,World Government,1
396026,,World Government,1
396037,Oimo,World Government,1
396091,Saint Pluming,World Government,1
396104,,World Government,1
396117,,World Government,1
396163,,World Government,1
396164,,World Government,1
396178,Saint Charlos,World Government,1
396179,Roswald,World Government,1
396180,Saint Rosward Shalria,World Government,1
396184,,World Government,1
396206,,World Government,1
396246,,World Government,1
396281,,World Government,1
396286,,World Government,1
396306,Sphinx,World Government,1
396318,,World Government,1
396351,,World Government,1
396425,,World Government,1
396427,,World Government,1
396461,,World Government,1
396478,,World Government,1
396501,,World Government,1
396688,Busshiri,Archaeologist,1
396830,Clou D. Clover,Archaeologist,1
397052,Gram,Archaeologist,1
397063,Huck,Archaeologist,1
397123,Hocha,Archaeologist,1
397561,Nico Olvia,Archaeologist,1
397562,Nico Robin,Archaeologist,1
397707,Lint,Archaeologist,1
397717,Roshu,Archaeologist,1
398066,Zayde,Archaeologist,1
398897,Kurozumi Higurashi,Wano Country,1
398899,Kurozumi Orochi,Wano Country,1
398900,Kurozumi Semimaru,Wano Country,1
399373,Shimotsuki Ryuma,Wano Country,1
399683,,Island of Rare Animals,1
399735,,Island of Rare Animals,1
399736,,Island of Rare Animals,1
399745,,Island of Rare Animals,1
399767,,Island of Rare Animals,1
399922,,Island of Rare Animals,1
399943,Buckox,Island of Rare Animals,1
399960,,Island of Rare Animals,1
399967,,Island of Rare Animals,1
399968,,Island of Rare Animals,1
400036,,Island of Rare Animals,1
400042,,Island of Rare Animals,1
400075,,Island of Rare Animals,1
400123,,Island of Rare Animals,1
400144,,Island of Rare Animals,1
400182,,Island of Rare Animals,1
400187,,Island of Rare Animals,1
400191,,Island of Rare Animals,1
400297,,Island of Rare Animals,1
400315,,Island of Rare Animals,1
400380,,Island of Rare Animals,1
400402,,Island of Rare Animals,1
400427,,Island of Rare Animals,1
400474,,Island of Rare Animals,1
400480,,Island of Rare Animals,1
400525,,Island of Rare Animals,1
400635,,Island of Rare Animals,1
400691,,Island of Rare Animals,1
400769,,Island of Rare Animals,1
400782,,Island of Rare Animals,1
400828,,Island of Rare Animals,1
400829,,Island of Rare Animals,1
400849,,Island of Rare Animals,1
400871,,Island of Rare Animals,1
400911,,Island of Rare Animals,1
400946,,Island of Rare Animals,1
400951,,Island of Rare Animals,1
400983,,Island of Rare Animals,1
401016,,Island of Rare Animals,1
401090,,Island of Rare Animals,1
401092,,Island of Rare Animals,1
401126,,Island of Rare Animals,1
401143,,Island of Rare Animals,1
401166,,Island of Rare Animals,1
401364,Capone Bege,Fire Tank Pirates,1
401365,Capone Pez,Fire Tank Pirates,1
401400,Charlotte Chiffon,Fire Tank Pirates,1
401715,Gotti,Fire Tank Pirates,1
402678,Vito,Fire Tank Pirates,1
403834,Pandora,Carmel,1
404713,Emporio Ivankov,Momoiro Island,1
404936,Inazuma,Momoiro Island,1
406889,St. Imu,First Twenty,1
408108,Josh,Vegapunk/Edison,1
409020,Babe,Spiders Cafe,1
409361,Drophy,Spiders Cafe,1
409449,Gem,Spiders Cafe,1
409800,Lassoo,Spiders Cafe,1
409846,Marianne,Spiders Cafe,1
409883,Mikita,Spiders Cafe,1
410507,Zala,Spiders Cafe,1
411038,Gonbe,Chimney,1
412173,Biblo,Owl Library,1
415071,Ooklicia,Niho Navy,1
415632,Fugar,Social Club,1
417236,Gin,Krieg Pirates,1
417359,Hustle,Krieg Pirates,1
417369,Ideaman,Krieg Pirates,1
417451,Keygan,Krieg Pirates,1
417539,Krieg,Krieg Pirates,1
417841,Pearl,Krieg Pirates,1
418447,Buchi,Black Cat Pirates,1
418963,Django,Black Cat Pirates,1
419106,Kuro,Black Cat Pirates,1
419353,Snott Mee,Black Cat Pirates,1
419573,Sham,Black Cat Pirates,1
419863,Ahiru,Revolutionary Army,1
419923,Bartholomew Kuma,Revolutionary Army,1
419938,Belo Betty,Revolutionary Army,1
420011,Bunny Joe,Revolutionary Army,1
420263,Emporio Ivankov,Revolutionary Army,1
420320,Gambo,Revolutionary Army,1
420350,Ginny,Revolutionary Army,1
420387,Hack,Revolutionary Army,1
420486,Inazuma,Revolutionary Army,1
420538,Jiron,Revolutionary Army,1
420579,Karasu,Revolutionary Army,1
420622,Koala,Revolutionary Army,1
420693,Lindbergh,Revolutionary Army,1
420802,Moda,Revolutionary Army,1
420810,Monkey D. Dragon,Revolutionary Army,1
420821,Morley,Revolutionary Army,1
420887,Nico Robin,Revolutionary Army,1
421076,Sabo,Revolutionary Army,1
421243,Terry Gilteo,Revolutionary Army,1
421310,Ushiano,Revolutionary Army,1
422874,Vander Decken,Flying Dutchman,1
423041,Grasshopper-Man,Kurozumi Tama,1
423044,Bee-Girl,Kurozumi Tama,1
423067,Bisley,Kurozumi Tama,1
423143,Caucasus-Man,Kurozumi Tama,1
423666,Jumper,Kurozumi Tama,1
423683,Kamakiri-Girl,Kurozumi Tama,1
423740,Komachiyo,Kurozumi Tama,1
424009,Nokokuwa Police,Kurozumi Tama,1
424190,Saitank,Kurozumi Tama,1
424220,Scorpion-Lady,Kurozumi Tama,1
424293,Speed,Kurozumi Tama,1
425766,Sasaki,Sasaki Pirates,1
426560,Gerd,New Giant Warrior Pirates,1
426585,Goldberg,New Giant Warrior Pirates,1
426609,Hajrudin,New Giant Warrior Pirates,1
427087,Nash,New Giant Warrior Pirates,1
427189,Piper,New Giant Warrior Pirates,1
427259,Rodo,New Giant Warrior Pirates,1
427413,Stansen,New Giant Warrior Pirates,1
427682,Baby Five,Chinjao Family,1
427761,Boo,Chinjao Family,1
427914,Qing Jiao,Chinjao Family,1
428853,Sai,Chinjao Family,1
429821,Inuarashi,Musketeers,1
431115,Don Quixote Doflamingo,Dressrosa,1
431905,Rebecca,Dressrosa,1
432338,,Mokomo Dukedom,1
432360,Bariete,Mokomo Dukedom,1
432390,,Mokomo Dukedom,1
432391,,Mokomo Dukedom,1
432400,,Mokomo Dukedom,1
432403,BBBB,Mokomo Dukedom,1
432422,,Mokomo Dukedom,1
432470,Carrot,Mokomo Dukedom,1
432577,,Mokomo Dukedom,1
432604,Concelot,Mokomo Dukedom,1
432615,,Mokomo Dukedom,1
432622,,Mokomo Dukedom,1
432623,,Mokomo Dukedom,1
432691,,Mokomo Dukedom,1
432697,,Mokomo Dukedom,1
432730,,Mokomo Dukedom,1
432778,,Mokomo Dukedom,1
432795,Giovanni,Mokomo Dukedom,1
432799,,Mokomo Dukedom,1
432837,,Mokomo Dukedom,1
432842,,Mokomo Dukedom,1
432846,,Mokomo Dukedom,1
432886,Duke Genghis Baan,Mokomo Dukedom,1
432931,Inuarashi,Mokomo Dukedom,1
432952,,Mokomo Dukedom,1
432970,,Mokomo Dukedom,1
433035,,Mokomo Dukedom,1
433057,,Mokomo Dukedom,1
433082,,Mokomo Dukedom,1
433129,,Mokomo Dukedom,1
433135,,Mokomo Dukedom,1
433180,,Mokomo Dukedom,1
433210,Milky,Mokomo Dukedom,1
433233,Miyagi,Mokomo Dukedom,1
433248,Mon-ji,Mokomo Dukedom,1
433290,,Mokomo Dukedom,1
433318,Nekomamushi,Mokomo Dukedom,1
433346,,Mokomo Dukedom,1
433393,Pedro,Mokomo Dukedom,1
433424,,Mokomo Dukedom,1
433437,,Mokomo Dukedom,1
433483,,Mokomo Dukedom,1
433484,,Mokomo Dukedom,1
433487,Roddy,Mokomo Dukedom,1
433504,,Mokomo Dukedom,1
433526,,Mokomo Dukedom,1
433566,,Mokomo Dukedom,1
433595,Shishilian,Mokomo Dukedom,1
433601,,Mokomo Dukedom,1
433606,,Mokomo Dukedom,1
433638,,Mokomo Dukedom,1
433671,,Mokomo Dukedom,1
433714,Tristan,Mokomo Dukedom,1
433745,,Mokomo Dukedom,1
433747,,Mokomo Dukedom,1
433781,,Mokomo Dukedom,1
433784,Wanda,Mokomo Dukedom,1
433798,,Mokomo Dukedom,1
433818,Yomo,Mokomo Dukedom,1
433821,,Mokomo Dukedom,1
434385,Boxer,Evil Black Drum Kingdom,1
434606,Kinderella,Evil Black Drum Kingdom,1
435343,Wapol,Evil Black Drum Kingdom,1
435720,Cosette,Germa Kingdom,1
435817,Epony,Germa Kingdom,1
436640,Sanji,Germa Kingdom,1
436879,Vinsmoke Ichiji,Germa Kingdom,1
436880,Vinsmoke Judge,Germa Kingdom,1
436881,Vinsmoke Niji,Germa Kingdom,1
436882,Vinsmoke Reiju,Germa Kingdom,1
436883,Vinsmoke Sora,Germa Kingdom,1
436884,Vinsmoke Yonji,Germa Kingdom,1
438461,Who's-Who,Who's-Who Pirates,1
438845,Dago,Franky Family,1
438948,Footbianco,Franky Family,1
438955,Franky,Franky Family,1
439027,Gomorrah,Franky Family,1
439262,Kiev,Franky Family,1
439281,Mozu and Kiwi,Franky Family,1
439295,Kopp,Franky Family,1
439497,Mozu and Kiwi,Franky Family,1
439591,Ottoland,Franky Family,1
439767,Schollzo,Franky Family,1
439831,Sodomu,Franky Family,1
439887,Tamagon,Franky Family,1
440053,Zambai,Franky Family,1
440977,Merry,Kaya,1
441809,Chabo,Nojiko,1
443504,Curly Dadan,Dadan Family,1
443545,Dogura,Dadan Family,1
444038,Magura,Dadan Family,1
444137,Monkey D. Luffy,Dadan Family,1
444306,Portgas D. Ace,Dadan Family,1
444401,Sabo,Dadan Family,1
444749,Albion,Fake Straw Hat Crew,1
444907,Caribou,Fake Straw Hat Crew,1
445026,Chocolat,Fake Straw Hat Crew,1
445037,Cocoa,Fake Straw Hat Crew,1
445048,Coribou,Fake Straw Hat Crew,1
445083,Demaro Black,Fake Straw Hat Crew,1
445125,Gack,Fake Straw Hat Crew,1
445576,Lip Doughty,Fake Straw Hat Crew,1
445602,Manjaro,Fake Straw Hat Crew,1
445709,Mounbleten,Fake Straw Hat Crew,1
445783,Stray Fox,Fake Straw Hat Crew,1
446166,Turk,Fake Straw Hat Crew,1
447824,Eureka,Tulip Pirates,1
448458,Humphrey,Sabaody Archipelago,1
450506,Peterman,Hound Pets,1
451841,Masira,Masira Pirates,1
453615,Perona,Dracule Mihawk,1
455459,Tibbany Elizabeth,Kamabakka Kingdom,1
455688,Bartholomew Kuma,Seven Warlords of the Sea,1
455740,Boa Hancock,Seven Warlords of the Sea,1
455770,Buggy,Seven Warlords of the Sea,1
455941,Crocodile,Seven Warlords of the Sea,1
455995,Don Quixote Doflamingo,Seven Warlords of the Sea,1
456006,Dracule Mihawk,Seven Warlords of the Sea,1
456018,Edward Weevil,Seven Warlords of the Sea,1
456097,Gecko Moria,Seven Warlords of the Sea,1
456163,Hanafuda,Seven Warlords of the Sea,1
456302,Jinbe,Seven Warlords of the Sea,1
456502,Marshall D. Teech,Seven Warlords of the Sea,1
457036,Trafalgar D. Water Law,Seven Warlords of the Sea,1
458449,Shamba,Torino Kingdom,1
458794,Barbell,Rocks Pirates,1
458878,Buckingham Stussy,Rocks Pirates,1
458964,Charlotte Linlin,Rocks Pirates,1
459127,Edward Newgate,Rocks Pirates,1
459201,Ganzui,Rocks Pirates,1
459219,Gill Bastar,Rocks Pirates,1
459233,Gloriosa,Rocks Pirates,1
459416,John,Rocks Pirates,1
459437,Kaido,Rocks Pirates,1
459548,Kyo,Rocks Pirates,1
459611,Marlon,Rocks Pirates,1
459741,Napoleon,Rocks Pirates,1
459789,Wang Zhi,Rocks Pirates,1
459863,Prometheus,Rocks Pirates,1
459920,Rocks D. Xebec,Rocks Pirates,1
460012,Shiki,Rocks Pirates,1
460075,Streusen,Rocks Pirates,1
460274,Zeus,Rocks Pirates,1
461758,Vincent,Sankan Kingdom,1
462116,Chess,Drum Kingdom,1
462118,Chessmarimo,Drum Kingdom,1
462648,Kuromarimo,Drum Kingdom,1
463026,Robson,Drum Kingdom,1
463333,Wapol,Drum Kingdom,1
463752,Earth Boss,Ukkari Hot-Spring Island,1
463829,Forest Boss,Ukkari Hot-Spring Island,1
463873,Gedatsu,Ukkari Hot-Spring Island,1
463913,Goro,Ukkari Hot-Spring Island,1
463953,Pincers,Ukkari Hot-Spring Island,1
466060,Pierre,Gan Fall,1
466679,Carne,Baratie,1
467462,Monkey D. Luffy,Baratie,1
467597,Patty,Baratie,1
467740,Sanji,Baratie,1
468046,Zeff,Baratie,1
468204,Brook,Straw Hat Pirates,1
468500,Franky,Straw Hat Pirates,1
468742,Jinbe,Straw Hat Pirates,1
468787,Karoo,Straw Hat Pirates,1
469017,Monkey D. Luffy,Straw Hat Pirates,1
469067,Nami,Straw Hat Pirates,1
469080,Nefeltari Vivi,Straw Hat Pirates,1
469092,Nico Robin,Straw Hat Pirates,1
469260,Roronoa Zoro,Straw Hat Pirates,1
469295,Sanji,Straw Hat Pirates,1
469467,Tony Tony Chopper,Straw Hat Pirates,1
469517,Usopp,Straw Hat Pirates,1
469604,Zeus,Straw Hat Pirates,1
469634,Alvida,Buggy Pirates,1
469765,Buggy,Buggy Pirates,1
469775,Cabaji,Buggy Pirates,1
470076,Galdino,Buggy Pirates,1
470376,Mushroom,Buggy Pirates,1
470563,Mohji,Buggy Pirates,1
470787,Richy,Buggy Pirates,1
472520,Warazane,Fujin,1
472665,Warazane,Fujin,1
473290,Helmeppo,153rd Branch,1
473494,Coby,153rd Branch,1
473689,Morgan,153rd Branch,1
473898,Rika,153rd Branch,1
473904,Ripper,153rd Branch,1
473919,Rokkaku,153rd Branch,1
474163,Carelesso,153rd Branch,1
474838,Pincers,Matsuge,1
476256,Falafra,Rebel Army,1
478397,Nami,Ganzack Pirates,1
479885,Mizuira,Ohara,1
480648,Buckingham Stussy,MADS,1
480661,Caesar Clown,MADS,1
481349,Du Feld,MADS,1
481643,Queen,MADS,1
481848,Stussy,MADS,1
481968,Dr. Vegapunk,MADS,1
481975,Vinsmoke Judge,MADS,1
482101,Avalo Pizarro,Blackbeard Pirates,1
482219,Camel,Blackbeard Pirates,1
482232,Catarina Devon,Blackbeard Pirates,1
482419,Doc Q,Blackbeard Pirates,1
482729,Jesus Burgess,Blackbeard Pirates,1
482803,Kikipatsu,Blackbeard Pirates,1
482872,Kuzan,Blackbeard Pirates,1
482882,Lafitte,Blackbeard Pirates,1
482916,Maki,Blackbeard Pirates,1
482937,Marshall D. Teech,Blackbeard Pirates,1
483150,Peachbeard,Blackbeard Pirates,1
483291,San Juan Wolf,Blackbeard Pirates,1
483354,Shiryu,Blackbeard Pirates,1
483402,Stronger,Blackbeard Pirates,1
483466,Tori,Blackbeard Pirates,1
483518,Van Auger,Blackbeard Pirates,1
483521,Vasco Shot,Blackbeard Pirates,1
483917,Comille,G-2,1
484314,Kadar,G-2,1
484380,Koda,G-2,1
484431,Kyuji,G-2,1
484557,Moda,G-2,1
486114,Momonga,G-1,1
486502,Stalker,G-1,1
486711,Burr,G-1,1
486763,,Tontatta Pirates,1
486797,Baxcon,Tontatta Pirates,1
486812,Bian,Tontatta Pirates,1
486815,,Tontatta Pirates,1
486816,,Tontatta Pirates,1
486825,,Tontatta Pirates,1
486845,Bobomba,Tontatta Pirates,1
486847,,Tontatta Pirates,1
486848,Bomba,Tontatta Pirates,1
486907,Chao,Tontatta Pirates,1
487002,,Tontatta Pirates,1
487038,Cotton,Tontatta Pirates,1
487040,,Tontatta Pirates,1
487047,,Tontatta Pirates,1
487048,,Tontatta Pirates,1
487116,,Tontatta Pirates,1
487122,,Tontatta Pirates,1
487155,,Tontatta Pirates,1
487203,,Tontatta Pirates,1
487224,,Tontatta Pirates,1
487262,,Tontatta Pirates,1
487267,,Tontatta Pirates,1
487271,,Tontatta Pirates,1
487354,Inhel,Tontatta Pirates,1
487377,,Tontatta Pirates,1
487395,,Tontatta Pirates,1
487423,Cub,Tontatta Pirates,1
487460,,Tontatta Pirates,1
487482,,Tontatta Pirates,1
487507,,Tontatta Pirates,1
487552,Leo,Tontatta Pirates,1
487554,,Tontatta Pirates,1
487560,,Tontatta Pirates,1
487605,,Tontatta Pirates,1
487617,Mouji,Tontatta Pirates,1
487715,,Tontatta Pirates,1
487771,,Tontatta Pirates,1
487822,Pellini,Tontatta Pirates,1
487849,,Tontatta Pirates,1
487862,,Tontatta Pirates,1
487879,Rampo,Tontatta Pirates,1
487908,,Tontatta Pirates,1
487909,,Tontatta Pirates,1
487929,,Tontatta Pirates,1
487951,,Tontatta Pirates,1
487991,,Tontatta Pirates,1
488026,,Tontatta Pirates,1
488031,,Tontatta Pirates,1
488063,,Tontatta Pirates,1
488096,,Tontatta Pirates,1
488170,,Tontatta Pirates,1
488172,,Tontatta Pirates,1
488206,,Tontatta Pirates,1
488223,,Tontatta Pirates,1
488246,,Tontatta Pirates,1
489402,Portgaz D. Rouge,Gol D. Roger,1
490130,Clou D. Clover,Will of D.,1
490339,Gol D. Roger,Will of D.,1
490712,Marshall D. Teech,Will of D.,1
490785,Monkey D. Dragon,Will of D.,1
490786,Monkey D. Garp,Will of D.,1
490787,Monkey D. Luffy,Will of D.,1
490847,Nefeltari Cobra,Will of D.,1
490848,Nefeltari D. Lily,Will of D.,1
490850,Nefeltari Vivi,Will of D.,1
490956,Portgas D. Ace,Will of D.,1
490957,Portgaz D. Rouge,Will of D.,1
491020,Rocks D. Xebec,Will of D.,1
491246,Trafalgar D. Water Law,Will of D.,1
492269,Mash,Sea Floor,1
492644,Sea Boar,Sea Floor,1
