,Affiliations
0,"['A O Pirates', '  Subordinate of the Whitebeard Pirates']"
1,"['Ideo Pirates', '   Straw Hat Grand Fleet']"
2,['Thriller Bark Pirates (Mysterious Four)  (former)']
3,['Corrida Colosseum']
4,['Mermaid Café']
6,['Beasts Pirates']
7,['Spade Pirates']
8,['Agotogi Sand Merchants']
9,['Ally of the Whitebeard Pirates']
10,['Corrida Colosseum']
11,['Goa Kingdom (High Town)']
12,['Goa Kingdom (High Town)']
13,['Revolutionary Army']
14,"['Shandia', '  Wagomuland']"
17,['Baroque Works (Billions) (former)']
18,"['Sun Pirates', ' Ryugu Kingdom (former)']"
19,"['Fake Straw Hat Crew (Former)', '  His own crew']"
20,['Galley-La Company']
22,['Beasts Pirates']
23,['CP8']
24,"['Cross Guild', ""  Buggy's Delivery,  Buggy and Alvida Alliance"", ' Buggy Pirates (Acting Captain, temporarily)', ' Alvida Pirates (formerly)']"
25,['Ally of the Whitebeard Pirates']
26,['Wagomuland']
29,['World Government (Enies Lobby)']
30,['Whitebeard Pirates']
31,['Walrus School']
33,['Flying Pirates']
34,"[""Antonio's Graman""]"
35,"['Kuja', '  Kuja Pirates']"
36,['Marines']
37,['Corrida Colosseum']
38,"['Arlong Pirates', '  Sun Pirates (former)', '  Impel Down (former)']"
39,['Arabasta Kingdom']
40,['Whitebeard Pirates']
41,['Lvneel Kingdom']
42,['Marines']
44,"['Mt. Atama Thieves', '  Kouzuki Family', '  Nine Red Scabbards ', ' Ninja-Pirate-Mink-Samurai Alliance (disbanded)']"
45,['Elbaph Royal Family']
49,['Whitebeard Pirates']
50,"['World Economy News Paper', ' Marines Photography Department (former)']"
51,"['Blackbeard Pirates ', ' Impel Down (former)']"
52,['Marines']
54,"['Beasts Pirates ', ' Tama ', ' Ninja-Pirate-Mink-Samurai Alliance (disbanded)']"
55,"['New Spiders Cafe', ' Baroque Works  (former)']"
57,"['Happo Navy', '  Chinjao Family', '  Straw Hat Grand Fleet', ' Donquixote Pirates (defected)']"
58,['Kuja Pirates']
59,['Whitebeard Pirates']
60,"['Marines', ' G-5']"
61,['Levely']
62,['Baroque Works  (former)']
64,['Roger Pirates']
65,['Spade Pirates']
66,['Kouzuki Family']
67,['Thriller Bark Pirates']
68,['Beasts Pirates']
69,['Rocks Pirates (former)']
70,"['Mokomo Dukedom (Recon Squad)', ' Ninja-Pirate-Mink-Samurai Alliance']"
71,['Arabasta Kingdom']
72,['Spade Pirates']
73,"['Freedom Fighters (former)', ' Pacifista', '   Revolutionary Army', ' Seven Warlords of the Sea (former)', ' Sorbet Kingdom (former)']"
74,"['Barto Club', ' his own Mafia Family (former)', '  Straw Hat Grand Fleet']"
75,['World Government (Enies Lobby)']
76,"['Hawkins Pirates', '  Beasts Pirates']"
77,"['World Government, Impel Down']"
78,['Marines']
80,['Beasts Pirates']
81,"['Beasts Pirates', '  Kurozumi Tama']"
82,"['Tontatta Kingdom Scouting Unit ', ' Tontatta Pirates', ' Straw Hat Grand Fleet']"
84,"['Beasts Pirates', '  Kurozumi Tama']"
86,['Beasts Pirates']
87,['Sorbet Kingdom (former)']
88,['Revolutionary Army (East Army)']
89,['Kuja']
90,"['Donquixote Pirates (former)', '  Bellamy Pirates  (former)']"
91,['Unnamed kingdom (former)']
92,['Marines (former)']
93,['Red Hair Pirates']
94,['Walrus School']
95,"['Newkama Land', '  Baroque Works  (former)']"
96,"['Heart Pirates', ' Ninja-Pirate-Mink-Samurai Alliance(disbanded)']"
97,"['Tontatta Kingdom', '  Tontatta Pirates', ' Straw Hat Grand Fleet']"
98,['Owl Library']
99,"['Foxy Pirates (former)', ' Groggy Monsters']"
100,['Yes Pirates']
102,['Pucci']
104,['Poseidon']
105,"['Beasts Pirates', '  Orochi Oniwabanshu (former)', ' Kurozumi Family (former)']"
106,['Beasts Pirates']
107,"['Beasts Pirates (Armored Division)', '  Kurozumi Tama']"
109,['Subordinate of the Whitebeard Pirates']
111,['Walrus School']
112,['Beasts Pirates (Tobiroppo)']
113,"['Mokomo Dukedom', ' Guardians', ' ', ' Ninja-Pirate-Mink-Samurai Alliance (disbanded)']"
114,['Walrus School']
115,['Fish-Man Island']
116,['Whitebeard Pirates']
117,['Whitebeard Pirates']
118,['Subordinate of the Whitebeard Pirates']
119,['Kuja Pirates']
120,"['Ideo Pirates', '   Straw Hat Grand Fleet']"
121,['Marines']
122,['Bluejam Pirates']
123,"['CP0', '  CP9  (former)']"
124,['Roger Pirates']
125,"['Kuja Pirates (Gorgon Sisters)', 'Seven Warlords of the Sea (former)']"
126,['Kuja Pirates (Gorgon Sisters)']
127,['Kuja Pirates (Gorgon Sisters)']
128,['Big Mom Pirates']
129,['Mogaro Kingdom']
130,"['Tontatta Kingdom ', ' Straw Hat Grand Fleet (Tontatta Pirates)']"
131,['Marines']
132,"['Marines', ' G-5']"
133,"['Tontatta Kingdom ', ' Tontatta Pirates', '  Straw Hat Grand Fleet']"
135,['Red Hair Pirates']
136,"['Happo Navy', ' Chinjao Family', ' Straw Hat Grand Fleet']"
138,['Kid Pirates']
139,['Marines']
141,"['Shandia', "" God's Guards""]"
142,['Arabasta Kingdom']
143,['Marines']
144,['Whitebeard Pirates']
145,['Beasts Pirates']
146,['Whitebeard Pirates']
147,['Giant Warrior Pirates']
149,"['Straw Hat Pirates', 'Straw Hat Grand Fleet', 'Rumbar Pirates (former)', ' Ninja-Pirate-Mink-Samurai Alliance (disbanded)']"
150,['Kid Pirates']
151,"['WCI 31', ' Big Mom Pirates']"
152,['Black Cat Pirates']
153,"['Rocks Pirates (former)', '  MADS (former)']"
154,['Donquixote Pirates']
155,"['Cross Guild', "" Buggy's Delivery (Unknown status)\xa0? "", 'Buggy Pirates', ' Buggy and Alvida Alliance', ' Four Emperors', ' Seven Warlords of the Sea  (former)', 'Roger Pirates  (former)', 'Impel Down  (former)']"
156,['Thriller Bark Pirates']
157,['Red Hair Pirates']
158,['Sorbet Kingdom']
159,['Tenguyama Hitetsu']
161,['Revolutionary Army']
162,['Water 7']
163,['Ohara Archaeologists']
165,"['Cross Guild', ""  Buggy's Delivery"", ' Buggy and Alvida Alliance, Buggy Pirates']"
166,"['NEO MADS', '  Donquixote Pirates (former)', '   Marines (former)', '  MADS (former)']"
167,['Beasts Pirates']
168,"['Takoyaki 8, Mermaid Cafe']"
169,"['Blackbeard Pirates (former)', ' Kuzan (former)']"
170,['Marines']
171,['Marines']
172,['Ally of the Whitebeard Pirates']
173,['Candy Pirates']
174,"['Fire Tank Pirates', '  Big Mom Pirates  (former)']"
175,"['Fire Tank Pirates', ' Charlotte Family']"
176,['Foxy Pirates (former)']
177,"['Caribou Pirates', '  Fake Straw Hat Crew (former, temporary)', '  Ninja-Pirate-Mink-Samurai Alliance(disbanded)']"
178,"['Underworld', ""  Sheep's House""]"
179,['Baratie']
180,"['Mokomo Dukedom, Inuarashi Musketeer Squad', '  Ninja-Pirate-Mink-Samurai Alliance (disbanded)']"
181,['Marines  (GR 66) (Non-Canon)\xa0≠']
182,"['Blackbeard Pirates', ' Impel Down (former)']"
183,"['Beasts Pirates (Armored Division)', '  Kurozumi Tama']"
184,"['Beautiful Pirates', '  Straw Hat Grand Fleet', '  Bourgeois Kingdom']"
185,['Roger Pirates']
186,['Thriller Bark Pirates']
187,['Knights of God']
188,['Levely']
189,"[""Nojiko's mikan farm""]"
190,"['Caesar Clown (defected),  Centaur Patrol Unit  (defected)', ' Brownbeard Pirates  (disbanded)']"
191,['Arabasta Kingdom']
192,"['Tontatta Kingdom', '  SMILE Factory (former)', '  Tontatta Pirates']"
193,['Levely']
194,"['Caesar Clown (former)', ' Centaur Patrol Unit (former)']"
195,"['Charlotte Family (Charlotte Decuplets)', ' Big Mom Pirates']"
196,"['Charlotte Family (Charlotte Decuplets)', ' Big Mom Pirates']"
197,"['Charlotte Family', '  Big Mom Pirates']"
198,"['Charlotte Family', '  Big Mom Pirates']"
199,"['Charlotte Family', ' Big Mom Pirates']"
200,"['Charlotte Family', '  Big Mom Pirates']"
201,"['Charlotte Family', '  Big Mom Pirates']"
202,"['Charlotte Family', ' Big Mom Pirates']"
203,"['Charlotte Family', '  Big Mom Pirates']"
204,"['Charlotte Family', ' Big Mom Pirates']"
205,"['Charlotte Family', ' Big Mom Pirates']"
206,"['Charlotte Family', '  Big Mom Pirates']"
207,"['Charlotte Family', '  Big Mom Pirates']"
208,"['Charlotte Family', '  Big Mom Pirates']"
209,"['Charlotte Family', ' Big Mom Pirates']"
210,"['Fire Tank Pirates', ' Charlotte Family (defected)']"
211,"['Charlotte Family', ' Big Mom Pirates']"
212,"['Charlotte Family', '  Big Mom Pirates']"
213,"['Charlotte Family', '  Big Mom Pirates']"
214,"['Charlotte Family', '  Big Mom Pirates']"
215,"['Charlotte Family', ' Big Mom Pirates']"
216,"['Charlotte Family', '  Big Mom Pirates']"
217,"['Charlotte Family', ' Big Mom Pirates']"
218,"['Charlotte Family', '  Big Mom Pirates']"
219,"['Charlotte Family', '  Big Mom Pirates']"
220,"['Charlotte Family', '  Big Mom Pirates']"
221,['Charlotte Family']
222,"['Charlotte Family', '  Big Mom Pirates']"
223,"['Charlotte Family', ' Big Mom Pirates']"
224,"['Charlotte Family', '  Big Mom Pirates']"
225,"['Charlotte Family', ' Big Mom Pirates']"
226,"['Charlotte Family', ' Big Mom Pirates']"
227,"['Charlotte Family (Charlotte Decuplets)', ' Big Mom Pirates']"
228,['Charlotte Family']
229,"['Charlotte Family', '  Big Mom Pirates']"
230,"['Charlotte Family', ' Big Mom Pirates']"
231,"['Charlotte Family (Charlotte Decuplets)', ' Big Mom Pirates']"
232,"['Charlotte Family', '  Big Mom Pirates']"
233,"['Charlotte Family', ' Big Mom Pirates']"
234,"['Charlotte Family', '  Big Mom Pirates']"
235,"['Charlotte Family', '  Big Mom Pirates']"
236,"['Charlotte Family', '  Big Mom Pirates']"
237,"['Charlotte Family', '  Big Mom Pirates']"
238,"['Charlotte Family', '  Big Mom Pirates']"
239,"['Big Mom Pirates', '  Rocks Pirates (former)', '  Four Emperors (former)', '   Charlotte Family']"
240,"['Rolling Pirates', ' Charlotte Family', ""  Thriller Bark Victim's Association (former)""]"
241,"['Charlotte Family', ' Big Mom Pirates']"
242,"['Charlotte Family', ' Big Mom Pirates']"
243,"['Charlotte Family', ' Big Mom Pirates']"
244,"['Charlotte Family', '  Big Mom Pirates']"
245,"['Charlotte Family', ' Big Mom Pirates']"
246,"['Charlotte Family', ' Big Mom Pirates']"
247,"['Charlotte Family', '  Big Mom Pirates']"
248,"['Charlotte Family', ' Big Mom Pirates']"
249,"['Charlotte Family', '  Big Mom Pirates']"
250,"['Charlotte Family', '  Big Mom Pirates']"
251,"['Charlotte Family', '  Big Mom Pirates']"
252,"['Charlotte Family', ' Big Mom Pirates']"
253,"['Charlotte Family', ' Big Mom Pirates']"
254,"['Charlotte Family', '  Big Mom Pirates']"
255,"['Charlotte Family', '  Big Mom Pirates']"
256,"['Charlotte Family', '  Big Mom Pirates']"
257,"['Charlotte Family', '  Big Mom Pirates']"
258,"['Charlotte Family (Charlotte Decuplets)', '  Big Mom Pirates']"
259,"['Charlotte Family', ' Big Mom Pirates']"
260,['Charlotte Family']
261,"['Charlotte Family', ' Big Mom Pirates']"
262,"['Charlotte Family', ' Big Mom Pirates']"
263,"['Charlotte Family (Charlotte Decuplets)', ' Big Mom Pirates']"
264,"['Charlotte Family', '  Big Mom Pirates']"
265,"['Charlotte Family', '  Big Mom Pirates']"
266,"['Charlotte Family', ' Big Mom Pirates']"
267,"['Charlotte Family', '  Big Mom Pirates']"
268,"['Charlotte Family', ' Big Mom Pirates']"
269,"['Sun Pirates', ' Charlotte Family', ' Big Mom Pirates (defected)']"
270,"['Charlotte Family', ' Big Mom Pirates']"
271,"['Charlotte Family', '  Big Mom Pirates']"
272,"['Charlotte Family', '  Big Mom Pirates']"
273,"['Charlotte Family', '  Big Mom Pirates']"
274,"['Charlotte Family', '  Big Mom Pirates']"
275,"['Charlotte Family', '  Big Mom Pirates']"
276,"['Charlotte Family', '  Big Mom Pirates']"
277,['Charlotte Family']
278,['Charlotte Family']
279,"['Charlotte Family', ' Big Mom Pirates']"
280,"['Charlotte Family', '  Big Mom Pirates']"
281,"['Bliking Pirates (disbanded), Drum Kingdom (former)']"
283,"['Bliking Pirates, Drum Kingdom']"
284,"['Arlong Pirates', '  Sun Pirates (former)']"
287,"['Tontatta Kingdom', ' Tontatta Pirates  Straw Hat Grand Fleet']"
288,['Kokoro']
289,"['Chinjao Family', ' Happo Navy(retired)', ' Straw Hat Grand Fleet']"
291,['Shandia']
292,['Ninja-Pirate-Mink-Samurai Alliance (disbanded)']
293,['Beasts Pirates']
295,['Cacao Island']
296,['Fake Straw Hat Crew']
297,['Ally of the Whitebeard Pirates']
299,"['Beasts Pirates', '  Orochi Oniwabanshu (former)', ' Kurozumi Family (former)']"
300,['Hocker']
301,['Foxy Pirates (former)']
304,"['Heart Pirates ', ' Ninja-Pirate-Mink-Samurai Alliance (disbanded)']"
305,"['Ohara Archaeologists', ' Clan of D.']"
306,['Shandia']
307,['Fake Straw Hat Crew']
308,['Animals of the Island of Rare Animals']
310,['Whitebeard Pirates']
311,"['Yonta Maria Grand Fleet', '  Straw Hat Grand Fleet']"
312,"['Marines', ' G-2']"
313,['Kid Pirates']
314,"['Mokomo Dukedom', ' Inuarashi Musketeer Squad', '   Ninja-Pirate-Mink-Samurai Alliance (disbanded)']"
315,['Pumpkin Cafe']
317,['World Government']
318,"['Caribou Pirates', '  Fake Straw Hat Crew (former, temporary)']"
319,['Spade Pirates']
320,['Germa Kingdom']
321,['Automata']
322,['Kuja Pirates']
323,"['Tontatta Kingdom Scouting Unit ', ' Tontatta Pirates', ' Straw Hat Grand Fleet']"
324,['Levely']
326,"['Cross Guild', ' Seven Warlords of the Sea  (former)', ' Baroque Works  (former)', ' Impel Down (former)']"
327,"['Roger Pirates (former), Laboon']"
328,['Whitebeard Pirates']
329,['Dadan Family']
330,['D.R.']
331,['Cyrano']
332,['Beasts Pirates']
333,['World Government Orphanage']
334,['Prodence Kingdom']
335,['Franky Family']
337,"['Beasts Pirates', '  Tama ', ' Ninja-Pirate-Mink-Samurai Alliance (disbanded)']"
338,['Marines']
339,"['Beasts Pirates', '  Orochi Oniwabanshu', ' Kurozumi Family']"
340,"['Tontatta Kingdom Scouting Unit', ' Straw Hat Grand Fleet']"
341,['Kuja Pirates']
342,['Marines']
343,['Sakura Kingdom']
345,['New Fish-Man Pirates']
346,['Kurozumi Family']
347,['Clan of D. (Davy Family)']
348,"['Cross Guild', '  Baroque Works  (former)']"
349,['Subordinates of the Whitebeard Pirates']
351,['Subordinate of the Whitebeard Pirates']
352,['Donquixote Pirates']
353,['Fake Straw Hat Crew']
356,"['Kouzuki Family', ' Nine Red Scabbards', '  Kyoshiro Family', '  Kurozumi Family (undercover)', '  Ninja-Pirate-Mink-Samurai Alliance (disbanded)']"
357,['Acumate Pirates']
358,['Donquixote Pirates']
359,['Goa Kingdom']
360,['Big Mom Pirates']
361,"['Barrels Pirates', '  Marines (former)']"
362,"['Ukkari Hot-Spring Island', ' Gedatsu']"
363,['Kid Pirates']
364,"['Donquixote Doflamingo (former)', '  Human Auctioning House  (former)']"
365,['Kid Pirates']
367,['Marines']
368,['Beasts Pirates']
369,['Blackbeard Pirates']
370,['Dadan Family']
371,['Spade Pirates']
373,"['Marines', ' G-14']"
374,['Subordinate of the Whitebeard Pirates']
375,['Impel Down']
377,['Beasts Pirates']
378,['Foxy Pirates (former)']
379,['Roger Pirates']
380,"['Donquixote Pirates', 'Impel Down', 'Underworld', ' World Government (secret)', ' Seven Warlords of the Sea (former)', ' Dressrosa (former)']"
381,['World Government (Former)']
382,['World Government (Donquixote Family)']
383,"['Marines', '  Donquixote Pirates  (undercover)', '  World Government (former)']"
384,['World Government (Donquixote Family)']
386,['Roger Pirates']
387,['Giant Warrior Pirates']
388,['New Fish-Man Pirates']
389,['Kouzuki Family']
390,['Beasts Pirates']
391,"['Cross Guild', ' Seven Warlords of the Sea  (former)']"
393,"['Caesar Clown', ' Vegapunk (former)']"
394,['Marines']
395,['Fake Straw Hat Crew']
396,"['New Spiders Cafe', ' Baroque Works  (former)']"
397,['Underworld']
398,['Spade Pirates']
399,['Rosy Life Riders']
400,['Bellamy Pirates']
402,"['Whitebeard Pirates', '  Rocks Pirates (former)', '  Four Emperors']"
403,['Seven Warlords of the Sea  (former)']
406,['Big Mom Pirates']
407,"['Tontatta Kingdom', ' Tonta Corps', '  Straw Hat Grand Fleet']"
409,['Prodence Kingdom']
410,['Subordinate of the Whitebeard Pirates']
412,['Kid Pirates']
413,"['Revolutionary Army', ' Freedom Fighters (former)', '  Kamabakka Kingdom', ' Newkama Land (former)']"
414,"[""God's Army  (former)"", ' Automata']"
415,['Kuja']
416,['Whitebeard Pirates']
417,['Germa Kingdom']
418,['Rebel Army (former)']
419,['Roger Pirates']
420,['Davy Family']
422,['Elbaph Royal Family']
423,"['Five Elders', '  World Nobles']"
425,"['Kid Pirates', '  Ninja-Pirate-Mink-Samurai Alliance']"
426,['Rebel Army (former)']
427,"['Beautiful Pirates', ' Straw Hat Grand Fleet']"
428,['Hawkins Pirates']
429,"['Caesar Clown (former)', ' Centaur Patrol Unit (former)']"
430,"['Five Elders', '  Knights of God', ' World Nobles (Figarland Family)']"
431,"['Knights of God', '  World Nobles (Figarland Family)']"
432,['Mermaid Café']
433,['Spade Pirates']
434,['Marines']
435,"['Sun Pirates', '  Fish-Man District (former)']"
436,"['Tontatta Kingdom', '  Tonta Corps', ' Straw Hat Grand Fleet']"
437,['Gérard']
438,['Franky Family']
439,"['Ukkari Hot-Spring Island', ' Gedatsu']"
440,['Whitebeard Pirates']
441,['Whitebeard Pirates']
442,['Beasts Pirates']
443,['Foxy Pirates']
444,['Newkama Land (former)']
445,"['Straw Hat Pirates', 'Straw Hat Grand Fleet', 'Franky Family (former)', ""Tom's Workers (former)"", 'Ninja-Pirate-Mink-Samurai Alliance (disbanded)']"
446,['Beasts Pirates (Numbers)']
447,"['Social Club', ' Red Hair Pirates']"
450,"['Beasts Pirates', '  Orochi Oniwabanshu (former)', ' Kurozumi Family (former)']"
451,['Neptune Family']
453,"['Kurozumi Family', ' Beasts Pirates (former)', '  Orochi Oniwabanshu (former)', '  Kouzuki Family (former)']"
454,"['CP0', '  CP9  (former)']"
455,['Marines']
456,"['CP0, CP9 (former)']"
458,['Levely']
459,"[""God's Army""]"
460,['Red Hair Pirates']
461,"['Reformation Army (維新軍, Ishin-gun?)']"
464,"['Marines', ' G-5']"
465,['Automata']
466,"['Cross Guild', ""  Buggy's Delivery"", '  Buggy Pirates', ' Buggy and Alvida Alliance', '  Baroque Works  (formerly)']"
467,['Gally Pirates']
469,"['Barto Club', ' Straw Hat Grand Fleet']"
470,['Revolutionary Army']
471,['Skypiea']
472,['Tontatta Kingdom']
473,"['Beasts Pirates', '  Mimawarigumi (former)']"
474,['Spade Pirates']
475,['Roger Pirates']
476,"['Rocks Pirates (former)', ' Thriller Bark Pirates']"
477,"['Beasts Pirates', '  Mimawarigumi (former)']"
478,['World Government']
480,['Corrida Colosseum']
481,"['Beasts Pirates ', ' Tama ', ' Ninja-Pirate-Mink-Samurai Alliance (disbanded)']"
482,"['Thriller Bark Pirates (Mysterious Four)', 'Seven Warlords of the Sea  (former)', ' Gecko Pirates (former)']"
483,"['Ukkari Hot-Spring Island', "" God's Army (former)""]"
484,"['New Spiders Cafe', ' Baroque Works  (former)']"
485,"['Shandia', "" God's Guards""]"
487,['Cocoyasi Village']
489,['Foxy Pirates (former)']
490,"['New Giant Warrior Pirates', "" Buggy's Delivery (former)"", '  Straw Hat Grand Fleet']"
491,"['Puddle Pirates', ' Red Hair Pirates']"
492,['Underworld']
493,['Kid Pirates']
494,"['Thriller Bark Pirates  ', ' Rocks Pirates (former)']"
496,['Krieg Pirates']
497,['Foxy Pirates (former)']
500,"['Revolutionary Army (East Army)', '  Freedom Fighters (former)']"
501,['Beasts Pirates']
503,['Donquixote Pirates']
504,['Marines']
505,"['Mokomo Dukedom', ' Inuarashi Musketeer Squad ', ' Ninja-Pirate-Mink-Samurai Alliance (disbanded)']"
506,['CP0']
507,['Donquixote Pirates']
508,"['Kuja ', ' Kuja Pirates (former)', 'Rocks Pirates  (former)']"
509,['Marines']
511,"[""God's Army""]"
513,['Beasts Pirates (Numbers)']
514,"['Roger Pirates', '  Clan of D.']"
515,"['New Giant Warrior Pirates', "" Buggy's Delivery (former)"", '  Straw Hat Grand Fleet']"
516,['Goldfish Empire']
517,['Franky Family']
518,['Chimney']
519,['Pirate crew']
520,['Poseidon']
521,['Marines']
522,['Beasts Pirates']
523,['Ukkari Hot-Spring Island']
525,['Fire Tank Pirates']
526,['Tontatta Kingdom']
527,['Ohara Archaeologists']
528,['Ally of the Whitebeard Pirates']
529,['CP0']
530,['Marines']
531,"['Mimawarigumi', '  Kouzuki Family']"
532,"['Macro Pirates', ' Sun Pirates (former)']"
533,['Bonney Pirates']
534,['Thriller Bark Pirates']
536,"['Gyro Pirates , New Fish-Man Pirates (ruse, former)']"
537,['Revolutionary Army']
538,['Ohara Archaeologists']
539,"['New Giant Warrior Pirates', "" Buggy's Delivery (resigned)"", '  Straw Hat Grand Fleet', '  Elbaph Royal Family (Illegitimate)']"
540,"['Wapol', ' Evil Black Drum Kingdom']"
541,"['Heart Pirates ', ' Ninja-Pirate-Mink-Samurai Alliance (disbanded)']"
543,"['Foxy Pirates', ' Groggy Monsters']"
544,"['Beasts Pirates', ' Ninja-Pirate-Mink-Samurai Alliance (disbanded)']"
545,['New Fish-Man Pirates']
548,['Seven Warlords of the Sea (former)']
549,['Ally of the Whitebeard Pirates']
550,['Robecca Hanberg']
552,['Ninja-Pirate-Mink-Samurai Alliance']
553,['Impel Down']
554,"['Beasts Pirates', '  Orochi Oniwabanshu (former)', '  Kouzuki Family Oniwabanshu (anime only, former)']"
556,['Whitebeard Pirates']
558,"['Elbaph Royal Family', 'Knights of God']"
560,['Ninja-Pirate-Mink-Samurai Alliance']
562,['Whitebeard Pirates']
563,"['Ukkari Hot-Spring Island', ' Matsuge']"
564,['Beasts Pirates (Numbers)']
565,"['Takoyaki 8', '  Arlong Pirates  (former)', ' Sun Pirates (former)']"
566,"['Beasts Pirates', '  Mimawarigumi (former)']"
567,"['CP0', ' CP9  (former)', ' Galley-La Company  (former)']"
568,['Beasts Pirates']
569,"['Kid Pirates ', ' Ninja-Pirate-Mink-Samurai Alliance (disbanded)']"
570,"['Marines (Headquarters', ' SWORD) (formerly 153rd Branch)']"
571,['Alvida Pirates (disbanded)']
572,['Corrida Colosseum']
573,['Big Mom Pirates']
575,['Shandia']
576,['Bellamy Pirates']
577,"['Marines', ' SWORD']"
578,"['Kouzuki Family', '  Ninja-Pirate-Mink-Samurai Alliance']"
579,['Higuma Bandits']
580,"['Beasts Pirates  (defected)', ' Ninja-Pirate-Mink-Samurai Alliance (disbanded)']"
581,['Kurozumi Family']
583,['Thriller Bark Pirates']
585,"['Beasts Pirates', '  Kurozumi Family (Mimawarigumi)  (former)']"
586,['Marines  (Black Cage Corps)']
588,['Kid Pirates']
589,['Beasts Pirates']
590,['Endurance Curry Pirates']
591,['Thriller Bark Pirates']
592,['Mermaid Café']
594,['Endurance Curry Pirates']
596,['Mokomo Dukedom']
597,['Nefertari Family']
598,['Ohara Archaeologists']
599,['Chouchou']
600,"['New Fish-Man Pirates', '  Ally of the Flying Pirates (former)', ' Ryugu Kingdom (former)']"
601,"['King Neptune', ' Fish-Man Island (Ryugu Kingdom)']"
602,['Thriller Bark Pirates (Mysterious Four)']
603,['Aunt (Non-Canon)\xa0≠']
604,['Kurozumi Family (former)']
605,['Beasts Pirates']
606,"[""God's Army""]"
607,['Mt. Atama Thieves']
608,['Red Hair Pirates']
610,['Kid Pirates']
611,['Beasts Pirates']
612,"['Beasts Pirates', ' Kurozumi Family (former)']"
613,"[""God's Army""]"
614,['Marines']
615,['Marines']
616,['Kid Pirates']
617,['Spade Pirates']
618,['Sabaody Archipelago']
619,['Krieg Pirates']
620,['Arabasta Kingdom']
621,"['Hyougoro Family (former) ', ' Ninja-Pirate-Mink-Samurai Alliance (disbanded)']"
622,"['Caesar Clown (former)', ' Centaur Patrol Unit (former)']"
623,['New Fish-Man Pirates']
624,['Beasts Pirates']
625,"['Doerena Kingdom', ' Donquixote Pirates']"
626,"['Galley-La Company', ' Water 7', ""   Tom's Workers (former)""]"
629,['Krieg Pirates']
630,"['Ideo Pirates', '   Straw Hat Grand Fleet']"
631,"['Arabasta', '  Baroque Works  (former)']"
632,['New Fish-Man Pirates']
633,"['Heart Pirates ', ' Ninja-Pirate-Mink-Samurai Alliance (disbanded)']"
635,['World Government']
636,"['Kamabakka Kingdom', ' Newkama Land', ' Revolutionary Army', ' Impel Down (former)']"
637,['Beasts Pirates (Numbers)']
638,['Golden Lion Pirates']
639,"['Tontatta Kingdom Scouting Unit ', ' Tontatta Pirates', ' Straw Hat Grand Fleet']"
641,"['Mokomo Dukedom', ' Musketeers', ' Kouzuki Family', '  Inuarashi Musketeer Squad', ' Ninja-Pirate-Mink-Samurai Alliance (disbanded)', ' Nine Red Scabbards', '  Roger Pirates (former)', ' Whitebeard Pirates  (former)']"
643,"['Thriller Bark', ' Penguin Trio']"
644,['Loguetown Arms Shop']
645,['Loguetown Arms Shop']
646,['Shandia']
649,['Mermaid Café']
651,['Whitebeard Pirates']
652,['Marines']
654,['Foxy Pirates (former)']
656,['Levely']
657,['World Economy News Paper']
658,"['Whitebeard Pirates (former)', '  Kouzuki Family', ' Ninja-Pirate-Mink-Samurai Alliance']"
659,['CP6']
660,"['CP0', '  CP9  (former)']"
661,['Beasts Pirates']
663,['Roger Pirates']
664,['Kid Pirates']
665,"['Walrus School', 'Marines (defected)']"
666,['Beasts Pirates (Numbers)']
667,['World Government']
668,"['Marines', ' Black Cat Pirates (former)']"
669,['Giant Warrior Pirates (former)']
670,"['Five Elders', '  World Nobles']"
672,"['Heart Pirates', ' his own crew (former)', ' Ninja-Pirate-Mink-Samurai Alliance']"
674,['New Fish-Man Pirates']
675,['Levely']
676,"['Ideo Pirates', '   Straw Hat Grand Fleet']"
677,['CP6']
678,"['Marines', ' G-5']"
679,['Blackbeard Pirates']
681,['Bonney Pirates']
682,['Kouzuki Family']
683,"['Beasts Pirates', '  Orochi Oniwabanshu (former)', ' Kurozumi Family (former)']"
684,['Shimotsuki Family']
685,['Thriller Bark Pirates']
686,"['Underworld ', ' Organ Dealing Assassination Group (Non-Canon)\xa0≠']"
687,"['Straw Hat Pirates', ' Straw Hat Grand Fleet', ' Sun Pirates  (former)', 'Ally of the Big Mom Pirates (former)', 'Seven Warlords of the Sea  (former)', ' Ryugu Kingdom  (resigned)', ' Impel Down (former)', 'Ninja-Pirate-Mink-Samurai Alliance (disbanded)']"
688,['Revolutionary Army']
690,['Walrus School']
691,"['Rocks Pirates (former)', '  Thriller Bark Pirates (post mortem)']"
692,['Marines']
693,"['Yosaku', "" Roronoa Zoro's band (former)"", '']"
694,['World Government']
696,"['Giant Warrior Pirates (former)', ' Elbaph']"
697,['CP0']
698,['Edison']
700,['Whitebeard Pirates']
703,"['Kouzuki Family', '  Ninja-Pirate-Mink-Samurai Alliance']"
704,['Beasts Pirates (Numbers)']
705,['Whitebeard Pirates']
706,"['Beasts Pirates', '  Kurozumi Tama']"
707,['Criminal']
708,"['Tontatta Kingdom', '  Tontatta Pirates', '  Straw Hat Grand Fleet']"
709,"['Marines, G-2']"
710,"['Kouzuki Family', '  Ninja-Pirate-Mink-Samurai Alliance']"
711,['Krieg Pirates']
712,"['Beasts Pirates', '  Rocks Pirates (former)', '  Four Emperors (former)']"
713,['Mermaid Cafe']
716,"['CP0', '  CP9 (former)', '  Galley-La Company (former)']"
717,['Kyoshiro Family']
719,"['Kouzuki Family', '  Ninja-Pirate-Mink-Samurai Alliance']"
720,['Shandia']
721,"['CP0', '  CP9  (former)', ' Galley-La Company  (former)']"
722,"['Shandia', "" God's Guards""]"
723,"['Beasts Pirates', '  Kurozumi Tama']"
725,['Beasts Pirates']
726,"['Arlong Pirates', '  Sun Pirates (former)']"
729,['Revolutionary Army (North Army)']
730,['Walrus School']
731,"['Takotopus Pirates', ' Whitebeard Pirates']"
732,"['Super Spot-Billed Duck Troops, Nefertari Vivi,  Straw Hat Pirates (former), Baroque Works (former)']"
733,['Raijin Island']
734,['New Fish-Man Pirates']
735,"['World Government  (defected ), Giant Warrior Pirates']"
736,['Shandia']
739,"['Kouzuki Family', '  Nine Red Scabbards', '  Ninja-Pirate-Mink-Samurai Alliance (disbanded)']"
741,"['Beasts Pirates', '  Orochi Oniwabanshu (former)']"
742,['Kurozumi Family']
743,"['Rebel Army (former)', 'Sand-Sand Clan (former)']"
744,['Whitebeard Pirates']
745,"['Mokomo Dukedom', ' Guardians']"
747,['Mogaro Kingdom']
748,['World Government (Enies Lobby)']
749,"['Walrus School', ' Giant Warrior Pirates (former)']"
750,"['Foxy Pirates (former)', ' Fanged Toad Pirates (former)']"
751,['Marines']
752,"[""Galley-La Company (Zambai's Company Union)"", '  Franky Family (former)']"
753,['Blackbeard Pirates']
754,['Kuja']
755,"['Kouzuki Family', '  Nine Red Scabbards ', ' Ninja-Pirate-Mink-Samurai Alliance (disbanded)']"
756,['Kuja']
757,"['Kid Pirates', '  Kurozumi Orochi (defected)', '  Ninja-Pirate-Mink-Samurai Alliance(disbanded)']"
758,['Spade Pirates']
759,"['Kouzuki Family', '  Ninja-Pirate-Mink-Samurai Alliance (Dissolved)', '  Nine Red Scabbards']"
761,['Evil Black Drum Kingdom']
762,['Beasts Pirates']
763,"['Big Mom Pirates', ' Charlotte Family']"
764,['Whitebeard Pirates']
765,['Whitebeard Pirates']
766,['Buggy Pirates']
767,['Animals of the Island of Rare Animals']
768,"['Caesar Clown (former)', ' Centaur Patrol Unit (former)']"
771,['Franky Family  (former)']
772,"['Revolutionary Army', '  Sun Pirates (former)', '  Slavery (former)']"
774,"['Marines (SWORD), Marine 153rd Branch (former)', '  Alvida Pirates (defected)']"
775,"['Marines ', ' G-2']"
778,"['Kouzuki Family', '  Ninja-Pirate-Mink-Samurai Alliance']"
779,"[""Tom's Workers""]"
780,"['Kurozumi Tama', ' Ninja-Pirate-Mink-Samurai Alliance(disbanded)']"
781,['Marines']
782,['Lulusia Kingdom']
784,"['World Government', ' Marines (former)']"
785,['Franky Family']
786,['Beasts Pirates']
787,['Spade Pirates']
789,"[""God's Army""]"
790,"['Kouzuki Family', ' Ninja-Pirate-Mink-Samurai Alliance(disbanded)']"
791,"['Kouzuki Family', '  Ninja-Pirate-Mink-Samurai Alliance (disbanded)']"
793,"['Kouzuki Family', '  Roger Pirates (former)', ' Whitebeard Pirates (former)']"
794,"['Kouzuki Family ', ' Ninja-Pirate-Mink-Samurai Alliance (disbanded)']"
795,"['Kouzuki Family', '  Amatsuki Family', ' Whitebeard Pirates (former)', '  Roger Pirates (former)']"
796,['Kouzuki Family']
797,"['Arabasta Kingdom', 'Sand-Sand Clan (former)', 'Rebel Army (former)']"
798,['Yes Pirates']
799,['Krieg Pirates']
800,"['Marines (G-14)', '  (SWORD)']"
801,"['Spade Pirates', '   Whitebeard Pirates']"
802,"['CP0', '  CP9  (former)']"
803,['Kumadori']
807,['Thriller Bark Pirates (Perona)']
808,['Kyoshiro Family']
809,['Beasts Pirates (Numbers)']
810,"['Sakura Kingdom', ' Isshi-100']"
811,['Black Cat Pirates']
812,['Kurokoma Family\u200e']
813,"['Bliking Pirates (disbanded), Drum Kingdom (former)']"
814,"['Arlong Pirates', '  Sun Pirates (former)']"
815,"['Kouzuki Family', '  Ninja-Pirate-Mink-Samurai Alliance']"
817,['Wano Country (Kurozumi Family)']
818,"['Kurozumi Family', '  Kouzuki Family (undercover)', '  Nine Red Scabbards (undercover)', '  Ninja-Pirate-Mink-Samurai Alliance (undercover)', ' Beasts Pirates (former)']"
819,"['Wano Country (Kurozumi Family)', '  Beasts Pirates (former)']"
820,['Wano Country (Kurozumi Family)']
821,"['Kurozumi Family', '  Ninja-Pirate-Mink-Samurai Alliance(disbanded)']"
822,"['Blackbeard Pirates', '   Marines  (resigned)']"
823,['Rocks Pirates (former)']
824,"['Corrida Colosseum (former)', ' Riku Family']"
825,['Donquixote Pirates (former)']
826,"['Marines ', ' G-2']"
828,"['Rumbar Pirates (former)', ' Crocus']"
829,"['Marines, Giant Squad']"
832,['Blackbeard Pirates']
833,['Donquixote Pirates']
834,['CP9 (former)']
835,"['New Spiders Cafe', ' Baroque Works  (former)']"
836,['Levely']
837,"['Tontatta Kingdom', '  Straw Hat Grand Fleet (Tontatta Pirates)']"
838,['Spade Pirates']
840,['Bellamy Pirates']
841,['Red Hair Pirates']
842,"['Night Butterfly Pirates', ' Red Hair Pirates']"
843,['Revolutionary Army (South Army)']
845,['Animals of the Island of Rare Animals']
846,"['Fake Straw Hat Crew', '  His own crew']"
847,"['Little Pirates', '  Subordinate of the Whitebeard Pirates']"
848,['Elbaph Royal Family']
849,['Thriller Bark Pirates']
850,"['Marines, Giant Squad']"
853,['Red Hair Pirates']
854,"['Lu Feld Conglomerate', '  Underworld', '  MADS (former)']"
855,['Mermaid Cafe']
856,['Donquixote Pirates']
857,"['Macro Pirates', '  Sun Pirates (former)']"
858,['Automata']
859,['Beasts Pirates']
860,['Walrus School']
861,['Impel Down']
863,['Dadan Family']
864,['CP0']
865,['Nefertari Family']
866,['Blackbeard Pirates']
867,['Partys Bar']
869,"['Marines', ' Black Cage Corps']"
870,['Neptune Family']
871,['Bellamy Pirates']
872,['Fake Straw Hat Crew']
873,"['Knights of God', '  World Nobles (Manmayer Family)']"
874,['Tontatta Kingdom']
875,"['Whitebeard Pirates (former)', '  Ninja-Pirate-Mink-Samurai Alliance(disbanded)']"
876,"['Five Elders', '  World Nobles']"
877,['Egana']
878,['Kuja Pirates']
879,['Levely']
880,['Fish-Man Island']
881,"['New Spiders Cafe', '  Baroque Works  (former)']"
882,"['Saint Charlos', ' Judy']"
883,['Neutral civilian']
886,['Rocks Pirates']
887,"['Blackbeard Pirates', ' Four Emperors', ' Clan of D. (Davy Family)', ' Seven Warlords of the Sea  (former)', ' Whitebeard Pirates 2nd Division  (defected)']"
889,['Sea Floor']
891,['Saruyama Alliance (Masira Pirates)']
892,"['Spade Pirates', '  Whitebeard Pirates']"
893,['Beasts Pirates']
901,['Super Spot-Billed Duck Troops']
902,"['Tontatta Kingdom', '  Tontatta Pirates', ' Straw Hat Grand Fleet']"
903,['Marines']
904,['Roger Pirates']
905,['Shandia']
906,['Subordinate of the Whitebeard Pirates']
907,"[""God's Guards""]"
908,['Corrida Colosseum']
909,['Vegapunk']
910,['Ryugu Kingdom']
911,['Mermaid Cafe']
912,['Kaya']
913,['Germ Pirates']
914,['Aunt (Non-Canon)\xa0≠']
915,"['Spade Pirates,  Whitebeard Pirates']"
916,['Big Helmet Pirates']
918,"['New Spiders Cafe', ' Baroque Works (former)']"
919,['Fish-Man Island']
920,"['Mokomo Dukedom', ' Guardians ', ' Ninja-Pirate-Mink-Samurai Alliance']"
921,['Roger Pirates']
923,['Easter Egg']
925,['Ryugu Kingdom']
926,['Ryugu Kingdom']
927,['Impel Down']
928,"['Impel Down', ' World Government']"
929,"['Impel Down', ' World Government']"
931,"['Impel Down', ' World Government']"
932,"['Impel Down', ' World Government']"
933,['Big Mom Pirates']
935,['Baroque Works (Millions) (former)']
936,['Baroque Works (former)']
937,['Baroque Works (former)']
938,['Baroque Works  (former)']
939,['Baroque Works (former)']
940,['Baroque Works (former)']
941,['Baroque Works (former)']
942,['Baroque Works (former)']
943,"['Mokomo Dukedom', ' Ninja-Pirate-Mink-Samurai Alliance (disbanded)']"
944,['Beasts Pirates']
945,['Ohara']
946,['Rumbar Pirates']
947,['Rumbar Pirates']
948,['Kid Pirates']
949,['Thriller Bark Pirates']
951,['Angel Island']
952,"['Revolutionary Army', '  G-2']"
953,"['Cross Guild', ""  Buggy's Delivery"", ' Buggy and Alvida Alliance', ' Buggy Pirates']"
954,['Marines G-1 Branch']
955,"['Arlong Pirates (former)', '  Caribou Pirates (former)']"
956,['Foxy Pirates (former)']
957,"['Caesar Clown (espionage)', ' Donquixote Pirates']"
958,['Mokomo Dukedom']
959,"['Kouzuki Family', '  Ninja-Pirate-Mink-Samurai Alliance']"
960,"['Revolutionary Army', '  Clan of D.', ' Freedom Fighters (former)', '  Marines (defected)']"
961,"['Marines  (semi-retired)', '  Clan of D.']"
962,"['Straw Hat Pirates', 'Straw Hat Grand Fleet', 'Four Emperors', 'Clan of D.', 'Dadan Family (former)', 'Baratie (temporary, former)', ' Impel Down (former)', 'Ninja-Pirate-Mink-Samurai Alliance (disbanded)']"
963,['Red Hair Pirates']
964,"['Saruyama Alliance', ' Mont Blanc Family', ' His original crew (former)']"
965,"['Lvneel Kingdom', ' Mont Blanc Family']"
967,['Roger Pirates']
968,['Levely']
969,"['Marines (153rd Branch)  (former, defected)']"
970,"['World Economy News Paper', ' Underworld']"
971,['Revolutionary Army (West Army)']
975,['Kid Pirates']
976,['Rosy Life Riders']
977,['Poseidon']
979,['Fake Straw Hat Crew']
980,['Kouzuki Family']
981,['Foxy Pirates (former)']
982,['Beasts Pirates']
983,['Shandia']
985,['Divine Squad']
986,['Marines']
987,['Franky Family  (former)']
988,['Baroque Works (former)']
989,['Baroque Works']
990,['Baroque Works (former)']
991,['Baroque Works (former)']
992,['Baroque Works (former)']
993,['Baroque Works']
994,['Baroque Works (former)']
995,['Baroque Works (former)']
996,['Baroque Works (Millions) (former)']
997,"['Baroque Works (Billions) (former)', 'Rebel Army (ruse)']"
998,['Baroque Works (Billions) (former)']
999,['Roger Pirates']
1001,['Baroque Works (Millions) (former)']
1002,['Impel Down']
1004,['Roger Pirates']
1007,['World Government Orphanage']
1008,['Bellamy Pirates (former)']
1012,"['Straw Hat Pirates', 'Straw Hat Grand Fleet', 'Arlong Pirates  (defected)', 'Ganzack Pirates (movie, former)', 'Golden Lion Pirates (movie, former)', ' Ninja-Pirate-Mink-Samurai Alliance (disbanded)']"
1013,['Whitebeard Pirates']
1015,['Beasts Pirates (Numbers)']
1016,"['Big Mom Pirates', '  Rocks Pirates (former)']"
1017,['New Giant Warrior Pirates']
1018,['Levely']
1019,"['Rebel Army (former)', ' Sand-Sand Clan (former)']"
1020,['Marines']
1022,"['Arabasta Kingdom', '   Clan of D.']"
1023,"['Arabasta Kingdom', ' Nefertari Family', ' World Government', '  Clan of D.']"
1024,['Arabasta Kingdom']
1025,"['Arabasta Kingdom (Nefertari Family)', ' Straw Hat Pirates (former)', ' Baroque Works  (double agent)', '  Clan of D.', ' Sand-Sand Clan (former)']"
1026,['Levely']
1028,"['Mokomo Dukedom', ' Guardians', '  Kouzuki Family', '  Ninja-Pirate-Mink-Samurai Alliance (disbanded)', ' Nine Red Scabbards', '  Roger Pirates (former)', ' Whitebeard Pirates  (former)']"
1030,['Beasts Pirates']
1031,"['Neptune Family', ' Ryugu Kingdom']"
1032,['Kuja']
1033,['CP9  (former)']
1034,"['World Government (First Twenty)', '  Nerona Family']"
1035,"['Marines', ' Marine 16th Branch']"
1036,['Ohara Archaeologists']
1037,"['Straw Hat Pirates', 'Straw Hat Grand Fleet', 'Baroque Works  (defected)', 'Foxy Pirates (filler, temporary)', 'Ohara Archaeologists (former)', 'Revolutionary Army (former, temporarily)', 'Ninja-Pirate-Mink-Samurai Alliance (disbanded)']"
1039,['Beasts Pirates']
1042,['Thriller Bark Pirates']
1043,['Usopp Pirates (disbanded)']
1044,['Ally of the Whitebeard Pirates']
1045,"['Big Mom Pirates', ' Cacao Island']"
1047,['Big Mom Pirates']
1048,['Beasts Pirates']
1049,"['Beasts Pirates (Armored Division)', ' Kurozumi Tama']"
1050,['Beasts Pirates']
1051,"[""Bell-mère's mikan""]"
1052,"['Shandia', ' Wagomuland']"
1053,['Fake Straw Hat Crew']
1056,['Ally of the Whitebeard Pirates']
1057,"['Tontatta Kingdom ', ' Tonta Corps', ' Straw Hat Grand Fleet']"
1058,['Black Cat Pirates']
1059,['Beasts Pirates']
1062,['Thriller Bark Pirates']
1064,['Rocks Pirates (former)']
1065,"[""God's Army (former)""]"
1067,"['World Government  (defected )', ' Giant Warrior Pirates']"
1069,['Rebel Army  (former) Sand-Sand Clan (former)']
1070,['Hokahoka Pirates']
1071,['Walrus School']
1072,['Red Hair Pirates']
1073,['Whitebeard Pirates (former)']
1074,['Ninja-Pirate-Mink-Samurai Alliance (disbanded)']
1075,['Marines']
1076,"['Shimotsuki Family (Shimotsuki Ushimaru)', ' Kouzuki Family (Kawamatsu)']"
1078,"['Yonta Maria Grand Fleet', '  Straw Hat Grand Fleet', '  Standing Kingdom']"
1079,['Spade Pirates']
1080,"['Neptune Family', ' Ryugu Kingdom']"
1081,['Franky Family']
1083,['Yes Pirates']
1085,"['Yamato', '  Beasts Pirates (Tobiroppo)  (former)']"
1086,"['His own crew', ' Ally of the Whitebeard Pirates']"
1088,['Easter Egg']
1089,['Carmel']
1091,['Kuja']
1093,['Kid Pirates']
1094,"['Criminal brand', ' Takoyaki 8']"
1095,['Bonney Pirates']
1097,['Baratie']
1098,['Galley-La Company']
1099,['Whitebeard Pirates']
1100,"['Peachbeard Pirates', ' Blackbeard Pirates']"
1101,['Krieg Pirates']
1102,['Galley-La Company']
1103,"['Mokomo Dukedom', ' Guardians', ' ', ' Ninja-Pirate-Mink-Samurai Alliance', ' Nox Expedition Party\\Pirates (former)']"
1104,['Harahettania']
1105,"['Big Mom Pirates', '  Nox Pirates (former)']"
1106,['Arabasta Kingdom']
1107,"['Tontatta Kingdom', ' Tontatta Pirates', ' Straw Hat Grand Fleet']"
1108,"['Heart Pirates ', ' Ninja-Pirate-Mink-Samurai Alliance (disbanded)']"
1109,['Alvida Pirates (disbanded)']
1110,"['Thriller Bark Pirates (Mysterious Four)', '  Dracule Mihawk (former)']"
1111,['Hound Pets']
1112,['Roger Pirates']
1113,['Donquixote Pirates']
1114,"['Foxy Pirates (former)', ' Groggy Monsters']"
1115,['Gan Fall']
1116,['Usopp Pirates (disbanded)']
1117,"['Marines', ' G-5']"
1119,['New Giant Warrior Pirates']
1120,"['Arlong Pirates', '  Sun Pirates  (former)']"
1121,['World Government']
1122,"['Beasts Pirates,  Tama']"
1123,['Polo Pirates']
1124,['Kid Pirates']
1125,['Marines']
1126,['Alvida Pirates (disbanded)']
1127,['Kuja']
1128,['Foxy Pirates']
1129,['Bluejam Pirates']
1130,['Orange Town']
1131,"['Whitebeard Pirates', ' Spade Pirates (former)', ' Clan of D.', 'Dadan Family (former)', 'Impel Down (former)']"
1132,"['Gol D. Roger', ' Portgas D. Ace', ' Clan of D.']"
1133,['Bonney Pirates']
1134,['Levely']
1136,['Charlotte Family (Former)\xa0‡']
1137,"['Marines (G-14)', '  (SWORD)']"
1138,"['Big Mom Pirates', '  Rocks Pirates (former)']"
1139,"['Marines, Marine 77th Branch']"
1141,['Pirate crew']
1142,"['Bourgeois Pirates', ' Red Hair Pirates']"
1143,['Marines']
1144,['Marines']
1145,['Marines']
1146,['Marines']
1148,"['Beasts Pirates', '  MADS (former)']"
1150,['Kid Pirates']
1151,['Beasts Pirates']
1152,"['Big Mom Pirates', ' Cacao Island']"
1154,"['Loki', ' Elbaph Royal Family']"
1155,['Giant Warrior Pirates (former)']
1156,"['Beasts Pirates', '  Orochi Oniwabanshu (former)', ' Kurozumi Family (former)']"
1157,"['Kouzuki Family', '  Nine Red Scabbards', '  Ninja-Pirate-Mink-Samurai Alliance']"
1158,"['Shandia', ' Pumpkin Cafe']"
1160,['Germ Pirates']
1161,['Whitebeard Pirates']
1162,['Subordinate of the Whitebeard Pirates']
1163,['Happo Navy']
1164,"['Tontatta Kingdom', '  Tontatta Pirates', ' Straw Hat Grand Fleet']"
1165,['Kuja Pirates']
1166,['Big Mom Pirates']
1167,['Roger Pirates']
1168,['Warrior God']
1169,['Marines']
1170,"['Dressrosa', ' Corrida Colosseum']"
1171,['Kid Pirates']
1172,['Vegapunk']
1173,['Marines']
1174,['Beasts Pirates']
1175,['Whitebeard Pirates']
1177,"['Cross Guild', ""  Buggy's Delivery"", ' Buggy and Alvida Alliance', ' Buggy Pirates']"
1178,['Marines (153rd Branch)']
1179,['Riku Family']
1180,"['Knights of God', ' World Nobles (Rimoshifu Family)']"
1181,['Kuja Pirates']
1182,['Ohara Archaeologists']
1183,['Walrus School']
1184,['Marines (153rd Branch)']
1186,"['Perona', '  Thriller Bark Pirates']"
1187,"['Rolling Pirates', "" Thriller Bark Victim's Association""]"
1188,['Bellamy Pirates']
1189,"[""Straw Hat Grand Fleet (New Giant Warrior Pirates), Land of Gods, Buggy's Delivery (former)""]"
1190,"['CP0', '  CP9  (former)', ' Galley-La Company   (former)']"
1191,"['Drum Kingdom (former)', ' Bliking Pirates (disbanded)']"
1192,['Ohara Archaeologists']
1195,"['Rocks Pirates', ' Clan of D.  (Davy Family)']"
1196,['Red Hair Pirates']
1197,"['Mokomo Dukedom', ' Guardians ', ' Ninja-Pirate-Mink-Samurai Alliance']"
1199,['Marines (153rd Branch)']
1200,['Beasts Pirates (Numbers)']
1201,['Majiatsuka Kingdom']
1202,['Walrus School']
1205,"['Straw Hat Pirates', ' Straw Hat Grand Fleet', 'Shimotsuki Family (descended)', ' Ninja-Pirate-Mink-Samurai Alliance (disbanded)']"
1206,['Roshio Pirates']
1207,['Bellamy Pirates']
1208,['World Government (Rosward Family)']
1209,['World Government (Rosward Family)']
1210,['World Government (Rosward Family)']
1211,['Roger Pirates']
1215,"['Caesar Clown (former)', ' Centaur Patrol Unit (former)']"
1216,['Ally of the Whitebeard Pirates']
1218,['Neptune Family']
1219,['Thriller Bark Pirates']
1221,['Seraphim (Pacifista)']
1222,['Seraphim (Pacifista)']
1223,['Seraphim (Pacifista)']
1224,['Seraphim (Pacifista)']
1225,['Spade Pirates']
1226,"['Revolutionary Army', 'Dadan Family (former)', 'Goa Kingdom (defected)']"
1227,['Impel Down']
1228,"['Happo Navy', ' Chinjao Family', ' Straw Hat Grand Fleet']"
1230,"['Beasts Pirates (Armored Division)', '  Kurozumi Tama']"
1231,['Marines']
1233,['Impel Down']
1234,['Kuja Pirates']
1235,['Easter Egg']
1236,['Levely']
1238,"['Brook (former)', "" Longarm Tribe's warriors (former)""]"
1239,['Komurasaki']
1240,"['Straw Hat Pirates', ' Straw Hat Grand Fleet', 'Vinsmoke Family (former)', ' Baratie (resigned)', ' Germa Kingdom (defected)', ' Ninja-Pirate-Mink-Samurai Alliance (disbanded)']"
1241,"['Blackbeard Pirates', ' Impel Down (former)']"
1244,['Beasts Pirates']
1245,['Takotopus Pirates']
1246,['Gaimon']
1247,['Goa Kingdom']
1248,['Bellamy Pirates']
1249,['Rosward Family']
1250,"['Beasts Pirates', '  Orochi Oniwabanshu (former)']"
1251,"['Beasts Pirates (Tobiroppo)', ' Sasaki Pirates (former)']"
1252,"['Knights of God', '  World Nobles (Satchels Family)']"
1253,"[""God's Army""]"
1254,['Levely']
1255,['Poseidon']
1256,['Riku Family']
1257,['Franky Family']
1258,['Endurance Curry Pirates']
1259,['Roger Pirates (former)']
1260,"['Beasts Pirates (Armored Division)', '  Kurozumi Tama']"
1261,['Caesar Clown']
1262,['Beasts Pirates']
1263,"['On Air Pirates ', ' Beasts Pirates  (former)']"
1264,['Sea Floor']
1265,['Roger Pirates (former)']
1266,['Space Pirates']
1267,['Mermaid Cafe']
1268,['Levely']
1269,['Marines  (semi-retired)']
1271,['Donquixote Pirates']
1272,['Marines (former)']
1274,['Shandia']
1275,"['Heart Pirates ', ' Ninja-Pirate-Mink-Samurai Alliance (disbanded)']"
1277,"[""Shakky's Rip-off Bar"", '  Kuja', ' Kuja Pirates (former)']"
1278,['Black Cat Pirates']
1279,['Torino Kingdom']
1280,['Shandia']
1281,"['Red Hair Pirates', ' Four Emperors', ' Roger Pirates (former)', ' Knights of God (former)', ' World Nobles (Figarland Family) (former)']"
1282,['Marines']
1283,['Beasts Pirates']
1285,"['Five Elders', '  World Nobles (Shepherd Family)']"
1286,"['Knights of God', '  World Nobles (Shepherd Family)']"
1287,"['Golden Lion Pirates', ' Rocks Pirates (former)', '  Impel Down (former)']"
1288,['Germ Pirates']
1290,['Shimotsuki Family']
1291,['Shimotsuki Family']
1292,['Shimotsuki Family']
1293,"['Wano Country', ' Shimotsuki Family']"
1298,['Marines']
1299,"['Kouzuki Family ', ' Ninja-Pirate-Mink-Samurai Alliance (disbanded)']"
1300,['Kouzuki Family']
1301,['Kuja']
1302,['Arlong Pirates']
1303,"['Neptune Family', ' Ryugu Kingdom']"
1304,"['Blackbeard Pirates', '   Impel Down  (former)']"
1305,"['Mokomo Dukedom', ' Inuarashi Musketeer Squad', '  Ninja-Pirate-Mink-Samurai Alliance']"
1306,['Saruyama Alliance (Shoujou Pirates)']
1307,['Marines']
1308,"[""God's Army""]"
1309,['Mermaid Cafe']
1310,['Marines']
1312,['Roger Pirates (former)']
1314,['Walrus School']
1315,"['Spade Pirates,  Whitebeard Pirates']"
1316,['Ally of the Whitebeard Pirates']
1317,['Caesar Clown']
1318,"['Marines', ' G-5', '  Loguetown Marine Base (former)']"
1319,"['Caesar Clown (former)', ' Centaur Patrol Unit (former)']"
1320,['Beasts Pirates']
1321,['Franky Family']
1322,['Beasts Pirates']
1324,['Foxy Pirates (former)']
1325,['Mermaid Cafe']
1327,['Helmeppo']
1328,['Automata']
1329,"['CP0', '  CP9  (former)', ' CP5 (former)']"
1330,['CP9 (former)']
1331,['Corrida Colosseum']
1333,"['Beasts Pirates (former)', '  Kurozumi Tama ', ' Ninja-Pirate-Mink-Samurai Alliance (disbanded)']"
1334,['Whitebeard Pirates']
1335,['Roger Pirates']
1336,"['World Government, Impel Down']"
1339,"[""Thriller Bark Victim's Association""]"
1340,"['Maelstrom Spider Pirates', ' Whitebeard Pirates']"
1341,['Marines']
1342,['Marines G-1 Branch']
1343,"['New Giant Warrior Pirates', ' Straw Hat Grand Fleet', "" Buggy's Delivery (former)""]"
1344,['Germa 66 (fictional)']
1345,['Whitebeard Pirates']
1347,['Water 7']
1349,['Marines']
1350,"['Big Mom Pirates', '  Rocks Pirates (former)']"
1351,['Levely']
1352,['Blackbeard Pirates']
1353,"['Vegapunk', '  CP0 (undercover, former)', '   Underworld (undercover)', '  MADS (former)']"
1354,['Skypiea']
1355,['Fujin and Raijin']
1356,['Donquixote Pirates']
1357,['Germ Pirates']
1358,['Germ Pirates']
1359,['Kyoshiro Family']
1362,"['Beautiful Pirates', '  Underworld (former)', 'Straw Hat Grand Fleet']"
1363,['Roger Pirates']
1364,['New Fish-Man Pirates (defected)']
1366,['Kuja Pirates']
1367,['Marines']
1368,['Hyougoro Family']
1369,['Kurozumi Family']
1370,"['Kouzuki Family ', ' Ninja-Pirate-Mink-Samurai Alliance']"
1372,['Komurasaki']
1373,['Arlong Pirates']
1374,['Oide']
1375,['Stool Restaurant']
1376,['Big Mom Pirates']
1377,"[""Galley-La Company (Zambai's Company Union)"", '  Franky Family  (former)']"
1378,['Usopp Pirates (disbanded)']
1379,['Riku Family']
1380,"['Macro Pirates', '  Sun Pirates (former)']"
1381,['Tontatta Kingdom']
1382,['Thriller Bark Pirates']
1383,['Roger Pirates']
1384,['Karakuri Island']
1385,"['Marines', ' G-5', '  Loguetown Marine Base (former)']"
1386,['Whitebeard Pirates']
1387,['Levely']
1389,['Beasts Pirates']
1390,['Marines']
1391,['Arabasta Kingdom']
1393,['Revolutionary Army']
1396,['Ilisia Kingdom']
1397,['Whitebeard Pirates']
1398,['Giant Warrior Pirates']
1399,['Kamabakka Kingdom']
1400,['Galley-La Company']
1403,['Marines']
1404,"['Kouzuki Hiyori, Shimotsuki Family']"
1405,"[""Tom's Workers""]"
1407,['Easter Egg']
1412,"['Straw Hat Pirates', 'Straw Hat Grand Fleet', 'Foxy Pirates (former, temporary)', 'Ninja-Pirate-Mink-Samurai Alliance (disbanded)']"
1413,['Poseidon']
1414,"['Five Elders', '  World Nobles']"
1416,['Blackbeard Pirates']
1417,['Marines']
1418,['Koza']
1419,['Bonney Pirates']
1421,"['Heart Pirates', ' Clan of D.', 'Ninja-Pirate-Mink-Samurai Alliance (disbanded)', 'Seven Warlords of the Sea  (revoked)', '  Donquixote Pirates (defected)']"
1423,['Donquixote Pirates']
1424,"['Mokomo Dukedom', ' Ninja-Pirate-Mink-Samurai Alliance']"
1425,['Levely']
1426,['Kuja Pirates']
1427,['Nico Robin']
1428,['Moon']
1429,['CP9 (former)']
1430,['Ninja-Pirate-Mink-Samurai Alliance (disbanded)']
1431,['Newkama Land (former)']
1432,['Marines']
1433,['Kurozumi Family']
1436,['Fake Straw Hat Crew']
1437,['Iceburg']
1439,['Corrida Colosseum']
1441,['Niho Navy']
1442,['Kid Pirates']
1443,['Marines (Marine 153rd Branch)']
1444,"['Kouzuki Family', '  Ninja-Pirate-Mink-Samurai Alliance']"
1445,"['Yamato', '  Beasts Pirates (Tobiroppo) (former)']"
1446,['Rain Dinners']
1447,"['Underworld', '  Umit Shipping']"
1448,['Poseidon']
1449,['Easter Egg']
1450,"['Heart Pirates ', ' Ninja-Pirate-Mink-Samurai Alliance (disbanded)']"
1451,['Thriller Bark Pirates']
1454,['Marines']
1456,['Fallen Monk Pirates']
1457,['Animals of the Island of Rare Animals']
1459,['Newkama Land (former)']
1460,['Revolutionary Army']
1461,['Beasts Pirates (Armored Division)']
1462,"['Straw Hat Pirates', 'Straw Hat Grand Fleet', 'Usopp Pirates (disbanded)', 'Ninja-Pirate-Mink-Samurai Alliance (disbanded)']"
1463,['Red Hair Pirates (former)']
1464,['Beasts Pirates']
1466,['Uzuki Family']
1467,['Uzuki Family']
1468,['Blackbeard Pirates']
1469,['Flying Dutchman']
1470,"['Flying Pirates', '  Ally of the New Fish-Man Pirates (former)']"
1471,"['Blackbeard Pirates', '   Impel Down  (former)']"
1473,"['MADS (former)', '  Marines (former) (SSG)']"
1474,"['Donquixote Pirates', '  Marines  (undercover)', '  Marine G-5  (undercover)']"
1475,['Marines']
1476,"['Thriller Bark Pirates', ' Dr. Hogback']"
1478,['Sankan Kingdom']
1479,"['Vinsmoke Family', ' Germa Kingdom', ' Germa 66']"
1480,"['Vinsmoke Family', ' Germa Kingdom', ' Germa 66', '  NEO MADS', '  MADS (former)']"
1481,"['Vinsmoke Family', ' Germa Kingdom', ' Germa 66']"
1482,"['Vinsmoke Family', ' Germa Kingdom', ' Germa 66']"
1483,"['Vinsmoke Family', ' Germa Kingdom']"
1484,"['Vinsmoke Family', ' Germa Kingdom', ' Germa 66']"
1485,"['Riku Family ', ' Donquixote Pirates (defected)']"
1486,['Whitebeard Pirates  (former)']
1487,['Whitebeard Pirates']
1488,['Fire Tank Pirates']
1489,"['Sun Pirates', '  Flying Pirates (former)']"
1492,['Spade Pirates']
1493,['Ally of the Whitebeard Pirates']
1494,"['Mokomo Dukedom', ' Inuarashi Musketeer Squad', '  Ninja-Pirate-Mink-Samurai Alliance (disbanded)']"
1495,['Wanda']
1496,['Beasts Pirates']
1497,['CP7']
1498,"['Evil Black Drum Kingdom', '  Drum Kingdom (former)', '   Bliking Pirates  (disbanded)']"
1499,['Shandia']
1500,['Fujin and Raijin']
1504,['Levely']
1505,['Whitebeard Pirates']
1506,"['Beasts Pirates (Tobiroppo)', "" Who's-Who Pirates (former)"", '  CP9 (former)', '']"
1507,"['Tontatta Kingdom Scouting Unit', '  Straw Hat Grand Fleet']"
1509,"['Kid Pirates ', ' Ninja-Pirate-Mink-Samurai Alliance (disbanded)']"
1510,['Walrus School']
1511,['Foosha Village']
1512,"['Shandia', "" God's Guards""]"
1513,"['Marines (SWORD)', ' Drake Pirates', ' Beasts Pirates (Tobiroppo, former)', '   Barrels Pirates (defected)', ' Ninja-Pirate-Mink-Samurai Alliance (disbanded)']"
1514,['Enel (former)']
1515,['Marines']
1516,['Beasts Pirates']
1517,"['Ninja-Pirate-Mink-Samurai Alliance (disbanded)', '  Beasts Pirates (defected)']"
1519,['Marumieta']
1520,['Roger Pirates']
1521,"['Marines', ' G-5']"
1522,['Red Hair Pirates']
1523,['Ninja-Pirate-Mink-Samurai Alliance (disbanded)']
1524,"['Beasts Pirates', '  Orochi Oniwabanshu (former)']"
1525,['Walrus School']
1527,"[""Tom's Workers (former)""]"
1528,"['Mokomo Dukedom (Inuarashi Musketeer Squad)', '  Ninja-Pirate-Mink-Samurai Alliance']"
1532,['Rumbar Pirates']
1533,"['Johnny', "" Roronoa Zoro's band (former)""]"
1535,['Shandia']
1537,['Roger Pirates']
1539,['Tulip Pirates']
1541,['Ohara Archaeologists']
1542,"['New Spiders Cafe', ' Baroque Works   (Former)']"
1543,"[""Galley-La Company (Zambai's Company Union)"", '  Franky Family  (former)']"
1544,['Ninja-Pirate-Mink-Samurai Alliance']
1545,['Beasts Pirates (Numbers)']
1546,"['Baratie', ' Cook Pirates (former)']"
1547,['New Fish-Man Pirates']
1548,['Nox Pirates']
1549,"['Straw Hat Pirates', '  Big Mom Pirates (defected) ', ' Rocks Pirates (former)']"
1550,['Whitebeard Pirates']
1551,['Marines G-1 Branch']
1552,['Ally of the Whitebeard Pirates']
